metric_id,날짜,종목/업종,sector_id,지표명,방향,이전값,현재값,변화율,출처,메모,entity_id,idea_id,as_of,period_end,fiscal_period,metric_kind,단위,통화,회계기준,출처URL,observation_key,data_quality,published_at
MET-0001,2026-06-03,메모리 반도체,SEC-0001,2027F EPS,상향,12000,13500,12.5%,해외 IB 리포트 / 네이버 컨센서스,HBM 믹스 상향 반영,,,,,,,,,,,,example,
MET-0002,2026-06-03,메모리 반도체,SEC-0001,2027F EPS,상향,13500,14850,10.0%,해외 IB 리포트 / 네이버 컨센서스,추가 EPS 상향. 이전값/변화율/방향 자동 계산 시연용,,,,,,,,,,,,example,
MET-0003,2026-09-06,CRDO,,Revenue,,,437.0,,Credo IR,공식 실적 소급 확인. 같은 FY 컨센서스 리비전으로 사용하지 않음.,NASDAQ:CRDO,IDEA-0002,2026-09-06,2026-05-02,FY2026Q4,actual,million,USD,GAAP,https://investors.credosemi.com/news-events/news/news-details/2026/Credo-Technology-Group-Holding-Ltd-Reports-Fourth-Quarter-and-Fiscal-Year-2026-Financial-Results/default.aspx,d689874bf305bc4e3f08815cfd624dd9d32fbda862aac296bcb6ff9360d21151,live,2026-06-01
MET-0004,2026-09-06,CRDO,,Diluted EPS,,,0.88,,Credo IR,공식 실적 소급 확인. 같은 FY 컨센서스 리비전으로 사용하지 않음.,NASDAQ:CRDO,IDEA-0002,2026-09-06,2026-05-02,FY2026Q4,actual,per share,USD,GAAP,https://investors.credosemi.com/news-events/news/news-details/2026/Credo-Technology-Group-Holding-Ltd-Reports-Fourth-Quarter-and-Fiscal-Year-2026-Financial-Results/default.aspx,6b1e35b78f78b38fdc6111886b0ef9ec449cda160e806c581a4028e0e22b5838,live,2026-06-01
MET-0005,2026-09-06,CRDO,,Diluted EPS,,,1.16,,Credo IR,공식 실적 소급 확인. 같은 FY 컨센서스 리비전으로 사용하지 않음.,NASDAQ:CRDO,IDEA-0002,2026-09-06,2026-05-02,FY2026Q4,actual,per share,USD,non-GAAP,https://investors.credosemi.com/news-events/news/news-details/2026/Credo-Technology-Group-Holding-Ltd-Reports-Fourth-Quarter-and-Fiscal-Year-2026-Financial-Results/default.aspx,72bb69b85d060011b86b840c70c7cf644d1cf53fe0c40ee75584c707c05b83b7,live,2026-06-01
MET-0006,2026-09-06,CRDO,,Gross margin,,,68.2,,Credo IR,공식 실적 소급 확인. 같은 FY 컨센서스 리비전으로 사용하지 않음.,NASDAQ:CRDO,IDEA-0002,2026-09-06,2026-05-02,FY2026Q4,actual,percent,not-applicable,GAAP,https://investors.credosemi.com/news-events/news/news-details/2026/Credo-Technology-Group-Holding-Ltd-Reports-Fourth-Quarter-and-Fiscal-Year-2026-Financial-Results/default.aspx,481fe8988ec81e7b2bddb78a6a14bb7e0dde1d37f955b2222b62ab3508b7a413,live,2026-06-01
MET-0007,2026-09-06,CRDO,,Gross margin,,,68.3,,Credo IR,공식 실적 소급 확인. 같은 FY 컨센서스 리비전으로 사용하지 않음.,NASDAQ:CRDO,IDEA-0002,2026-09-06,2026-05-02,FY2026Q4,actual,percent,not-applicable,non-GAAP,https://investors.credosemi.com/news-events/news/news-details/2026/Credo-Technology-Group-Holding-Ltd-Reports-Fourth-Quarter-and-Fiscal-Year-2026-Financial-Results/default.aspx,8f6e307cf01e2e2dd7ad11210e373ab014deeb3d2da53a6444c0d4a5ec33ef0a,live,2026-06-01
MET-0008,2026-09-06,CRDO,,Revenue,,,479.0,,Credo IR,공식 실적 소급 확인. 같은 FY 컨센서스 리비전으로 사용하지 않음.,NASDAQ:CRDO,IDEA-0002,2026-09-06,2026-08-01,FY2027Q1,actual,million,USD,GAAP,https://investors.credosemi.com/news-events/news/news-details/2026/Credo-Technology-Group-Holding-Ltd-Reports-First-Quarter-of-Fiscal-Year-2027-Financial-Results/default.aspx,c18d6d89d506818aeb84d3a357c16599f12eee17c1dee4f218837f73cb82e3f2,live,2026-09-01
MET-0009,2026-09-06,CRDO,,Diluted EPS,,,0.67,,Credo IR,공식 실적 소급 확인. 같은 FY 컨센서스 리비전으로 사용하지 않음.,NASDAQ:CRDO,IDEA-0002,2026-09-06,2026-08-01,FY2027Q1,actual,per share,USD,GAAP,https://investors.credosemi.com/news-events/news/news-details/2026/Credo-Technology-Group-Holding-Ltd-Reports-First-Quarter-of-Fiscal-Year-2027-Financial-Results/default.aspx,0f4f90e1be72cf3c4bb6a659c07c2c313bdbe664b6a0d21c94fe9b3b11ddae2b,live,2026-09-01
MET-0010,2026-09-06,CRDO,,Diluted EPS,,,1.2,,Credo IR,공식 실적 소급 확인. 같은 FY 컨센서스 리비전으로 사용하지 않음.,NASDAQ:CRDO,IDEA-0002,2026-09-06,2026-08-01,FY2027Q1,actual,per share,USD,non-GAAP,https://investors.credosemi.com/news-events/news/news-details/2026/Credo-Technology-Group-Holding-Ltd-Reports-First-Quarter-of-Fiscal-Year-2027-Financial-Results/default.aspx,f21f7250debb740b12eedd518fa7450f17432f847d397bd4b8a6c129f47a8c99,live,2026-09-01
MET-0011,2026-09-06,CRDO,,Gross margin,,,64.5,,Credo IR,공식 실적 소급 확인. 같은 FY 컨센서스 리비전으로 사용하지 않음.,NASDAQ:CRDO,IDEA-0002,2026-09-06,2026-08-01,FY2027Q1,actual,percent,not-applicable,GAAP,https://investors.credosemi.com/news-events/news/news-details/2026/Credo-Technology-Group-Holding-Ltd-Reports-First-Quarter-of-Fiscal-Year-2027-Financial-Results/default.aspx,0230fce0a7b1279eaf1e4b002aa51d7efdd9d970fb9646a6c8fa483d35071790,live,2026-09-01
MET-0012,2026-09-06,CRDO,,Gross margin,,,68.0,,Credo IR,공식 실적 소급 확인. 같은 FY 컨센서스 리비전으로 사용하지 않음.,NASDAQ:CRDO,IDEA-0002,2026-09-06,2026-08-01,FY2027Q1,actual,percent,not-applicable,non-GAAP,https://investors.credosemi.com/news-events/news/news-details/2026/Credo-Technology-Group-Holding-Ltd-Reports-First-Quarter-of-Fiscal-Year-2027-Financial-Results/default.aspx,0b658f0f0fc6613a5046f859b7a26a3f3e9c9e5d0d4700b1dd92c3722de52e15,live,2026-09-01
MET-0013,2026-09-06,CRDO,,Revenue guidance low,,,465,,Credo IR,회사 매출 가이던스. 애널리스트 EPS 컨센서스가 아님.,NASDAQ:CRDO,IDEA-0002,2026-09-06,2026-08-01,FY2027Q1,guidance,million,USD,GAAP,https://investors.credosemi.com/news-events/news/news-details/2026/Credo-Technology-Group-Holding-Ltd-Reports-Fourth-Quarter-and-Fiscal-Year-2026-Financial-Results/default.aspx,4511d0038d889a8fe52ca843d27d767291c6126cbc2862e274a3a9a9b2d7d236,live,2026-06-01
MET-0014,2026-09-06,CRDO,,Revenue guidance high,,,475,,Credo IR,회사 매출 가이던스. 애널리스트 EPS 컨센서스가 아님.,NASDAQ:CRDO,IDEA-0002,2026-09-06,2026-08-01,FY2027Q1,guidance,million,USD,GAAP,https://investors.credosemi.com/news-events/news/news-details/2026/Credo-Technology-Group-Holding-Ltd-Reports-Fourth-Quarter-and-Fiscal-Year-2026-Financial-Results/default.aspx,c0104f626117e3af5dbbc10e368004f141155d6b01d0e5d67ef7162e4df40e22,live,2026-06-01
MET-0015,2026-09-06,CRDO,,Revenue guidance low,,,525,,Credo IR,회사 매출 가이던스. 애널리스트 EPS 컨센서스가 아님.,NASDAQ:CRDO,IDEA-0002,2026-09-06,2026-10-31,FY2027Q2,guidance,million,USD,GAAP,https://investors.credosemi.com/news-events/news/news-details/2026/Credo-Technology-Group-Holding-Ltd-Reports-First-Quarter-of-Fiscal-Year-2027-Financial-Results/default.aspx,522d83adb0ccd7f3473553433f38fd114dcad817168cbc522e75ce6e74f57bed,live,2026-09-01
MET-0016,2026-09-06,CRDO,,Revenue guidance high,,,535,,Credo IR,회사 매출 가이던스. 애널리스트 EPS 컨센서스가 아님.,NASDAQ:CRDO,IDEA-0002,2026-09-06,2026-10-31,FY2027Q2,guidance,million,USD,GAAP,https://investors.credosemi.com/news-events/news/news-details/2026/Credo-Technology-Group-Holding-Ltd-Reports-First-Quarter-of-Fiscal-Year-2027-Financial-Results/default.aspx,6e8dc56b052858a1e854b31051271a40f285cc9756300e8c440dcb11e314a12a,live,2026-09-01
MET-0017,2026-09-07,CRDO,,EPS consensus,,,6.2736,,Yahoo Finance non-GAAP,"Analysts: 19. Period end is the provider label, not independently inferred issuer year end. Observation is retrieval date; no historical revision inferred.",NASDAQ:CRDO,IDEA-0002,2026-09-07,2027-04-30,annual,consensus,per share,USD,non-GAAP,https://finance.yahoo.com/quote/CRDO/analysis/,ebc21e17d55faa2c6dc5d6b285ba03c01605d8c3eac68c0200f6f8f9dba11809,live,
MET-0018,2026-09-07,CRDO,,EPS consensus,,,9.62603,,Yahoo Finance non-GAAP,"Analysts: 19. Period end is the provider label, not independently inferred issuer year end. Observation is retrieval date; no historical revision inferred.",NASDAQ:CRDO,IDEA-0002,2026-09-07,2028-04-30,annual,consensus,per share,USD,non-GAAP,https://finance.yahoo.com/quote/CRDO/analysis/,94e5a4ef03dd968bf8ad26c2f20963a6419f327cd3f23695ddc863e882b669e7,live,
MET-0019,2026-09-09,CRDO,,EPS consensus,유지,6.2736,6.2736,0%,Yahoo Finance non-GAAP,"Analysts: 19. Period end is the provider label, not independently inferred issuer year end. Observation is retrieval date; no historical revision inferred.",NASDAQ:CRDO,IDEA-0002,2026-09-09,2027-04-30,annual,consensus,per share,USD,non-GAAP,https://finance.yahoo.com/quote/CRDO/analysis/,ff47eb505152507ec93bd0cb1d2cfc6125ce4dc39c33d98af49030bf2bd0ab3d,live,
MET-0020,2026-09-09,CRDO,,EPS consensus,유지,9.62603,9.62603,0%,Yahoo Finance non-GAAP,"Analysts: 19. Period end is the provider label, not independently inferred issuer year end. Observation is retrieval date; no historical revision inferred.",NASDAQ:CRDO,IDEA-0002,2026-09-09,2028-04-30,annual,consensus,per share,USD,non-GAAP,https://finance.yahoo.com/quote/CRDO/analysis/,691c17c95ac09c2dac5c93113fedea0ba75dac46e493927c9fb7bcd4dfe1e4eb,live,
MET-0021,2026-09-09,ALAB,,Revenue,,,392.4,,ALAB IR,,NASDAQ:ALAB,IDEA-0003,2026-09-09,2026-06-30,quarterly,actual,million,USD,GAAP,https://ir.asteralabs.com/news-releases/news-release-details/astera-labs-reports-second-quarter-2026-financial-results,e0fb3454c7accf594f5a5be4b7deaee9411987afd2d0f5c77c34f25c2ac838c0,live,2026-08-04
MET-0022,2026-09-09,ALAB,,Gross margin,,,73.7,,ALAB IR,,NASDAQ:ALAB,IDEA-0003,2026-09-09,2026-06-30,quarterly,actual,percent,not-applicable,non-GAAP,https://ir.asteralabs.com/news-releases/news-release-details/astera-labs-reports-second-quarter-2026-financial-results,d643b8814fabe066525fe103c0f5ecc8edb50d1d27d8693ba8c58bfdcc95d05a,live,2026-08-04
MET-0023,2026-09-09,ALAB,,EPS consensus,,,4.0322,,Yahoo Finance non-GAAP,"Analysts: 21. Period end is the provider label, not independently inferred issuer year end. Observation is retrieval date; no historical revision inferred.",NASDAQ:ALAB,IDEA-0003,2026-09-09,2026-12-31,annual,consensus,per share,USD,non-GAAP,https://finance.yahoo.com/quote/ALAB/analysis/,2a8d375fe3ee313030cfd55c633e58e05e30634c8d2a23b1f166e2c293d6ba2b,live,
MET-0024,2026-09-09,ALAB,,EPS consensus,,,6.39348,,Yahoo Finance non-GAAP,"Analysts: 23. Period end is the provider label, not independently inferred issuer year end. Observation is retrieval date; no historical revision inferred.",NASDAQ:ALAB,IDEA-0003,2026-09-09,2027-12-31,annual,consensus,per share,USD,non-GAAP,https://finance.yahoo.com/quote/ALAB/analysis/,3eba86923ce6b7fe0939747add24357b6f913fc9b486d2e2531f17f8859b2130,live,
MET-0025,2026-09-09,MRVL,,Revenue,,,2739,,MRVL IR,,NASDAQ:MRVL,IDEA-0004,2026-09-09,2026-08-01,quarterly,actual,million,USD,GAAP,https://investor.marvell.com/news-events/press-releases/detail/1031/marvell-technology-inc-reports-second-quarter-of-fiscal-year-2027-financial-results,858d30e2ba9ec23ae4855bad6de501f6a9b8b290fe03d0ca162ae7c5b1a1ad8b,live,2026-08-27
MET-0026,2026-09-09,MRVL,,Gross margin,,,58.9,,MRVL IR,,NASDAQ:MRVL,IDEA-0004,2026-09-09,2026-08-01,quarterly,actual,percent,not-applicable,non-GAAP,https://investor.marvell.com/news-events/press-releases/detail/1031/marvell-technology-inc-reports-second-quarter-of-fiscal-year-2027-financial-results,187f16345c2b02df91d32957fb76fa3c8cb16b53185d1c03b41e156909de87a8,live,2026-08-27
MET-0027,2026-09-09,MRVL,,EPS consensus,,,4.20105,,Yahoo Finance non-GAAP,"Analysts: 36. Period end is the provider label, not independently inferred issuer year end. Observation is retrieval date; no historical revision inferred.",NASDAQ:MRVL,IDEA-0004,2026-09-09,2027-01-31,annual,consensus,per share,USD,non-GAAP,https://finance.yahoo.com/quote/MRVL/analysis/,3d7b183afc166ec246f1969e2df76496a3d7111974edee1ee92f4e1f33d34d67,live,
MET-0028,2026-09-09,MRVL,,EPS consensus,,,6.72085,,Yahoo Finance non-GAAP,"Analysts: 40. Period end is the provider label, not independently inferred issuer year end. Observation is retrieval date; no historical revision inferred.",NASDAQ:MRVL,IDEA-0004,2026-09-09,2028-01-31,annual,consensus,per share,USD,non-GAAP,https://finance.yahoo.com/quote/MRVL/analysis/,4b427c506489feb5af1b88c1991b61711a370dbe4b544aaa3fba07ffa9b1b9cd,live,
MET-0029,2026-09-10,CRDO,,EPS consensus,유지,6.2736,6.2736,0%,Yahoo Finance non-GAAP,"Analysts: 19. Period end is the provider label, not independently inferred issuer year end. Observation is retrieval date; no historical revision inferred.",NASDAQ:CRDO,IDEA-0002,2026-09-10,2027-04-30,annual,consensus,per share,USD,non-GAAP,https://finance.yahoo.com/quote/CRDO/analysis/,666c2b754d37f4ebad603f553f3cfb8410461febd82ae4655e84c9f3d300053e,live,
MET-0030,2026-09-10,CRDO,,EPS consensus,유지,9.62603,9.62603,0%,Yahoo Finance non-GAAP,"Analysts: 19. Period end is the provider label, not independently inferred issuer year end. Observation is retrieval date; no historical revision inferred.",NASDAQ:CRDO,IDEA-0002,2026-09-10,2028-04-30,annual,consensus,per share,USD,non-GAAP,https://finance.yahoo.com/quote/CRDO/analysis/,73725042c7f8c8977746206da6e473c28abcb02589b54ec285d8efca0bfc733d,live,
MET-0031,2026-09-10,ALAB,,EPS consensus,유지,4.0322,4.0322,0%,Yahoo Finance non-GAAP,"Analysts: 21. Period end is the provider label, not independently inferred issuer year end. Observation is retrieval date; no historical revision inferred.",NASDAQ:ALAB,IDEA-0003,2026-09-10,2026-12-31,annual,consensus,per share,USD,non-GAAP,https://finance.yahoo.com/quote/ALAB/analysis/,488295a9b4f229e0cf55de6bc937654cbbcfb89bcaa66ebf3f2be3101bf6efd6,live,
MET-0032,2026-09-10,ALAB,,EPS consensus,유지,6.39348,6.39348,0%,Yahoo Finance non-GAAP,"Analysts: 23. Period end is the provider label, not independently inferred issuer year end. Observation is retrieval date; no historical revision inferred.",NASDAQ:ALAB,IDEA-0003,2026-09-10,2027-12-31,annual,consensus,per share,USD,non-GAAP,https://finance.yahoo.com/quote/ALAB/analysis/,4028718825192c662400b2b5c94d16027051b88646b5d5ec651c3623abb04cb0,live,
MET-0033,2026-09-10,MRVL,,EPS consensus,유지,4.20105,4.20105,0%,Yahoo Finance non-GAAP,"Analysts: 36. Period end is the provider label, not independently inferred issuer year end. Observation is retrieval date; no historical revision inferred.",NASDAQ:MRVL,IDEA-0004,2026-09-10,2027-01-31,annual,consensus,per share,USD,non-GAAP,https://finance.yahoo.com/quote/MRVL/analysis/,185cec460b655c1d73b1d9e0a032af051e6dab5c652da5e4c144e7326ac020fd,live,
MET-0034,2026-09-10,MRVL,,EPS consensus,유지,6.72085,6.72085,0%,Yahoo Finance non-GAAP,"Analysts: 40. Period end is the provider label, not independently inferred issuer year end. Observation is retrieval date; no historical revision inferred.",NASDAQ:MRVL,IDEA-0004,2026-09-10,2028-01-31,annual,consensus,per share,USD,non-GAAP,https://finance.yahoo.com/quote/MRVL/analysis/,6e76b7c91ab8c7a0e8d5876f7893741a0a54f4df7eab4d76aa7b06bf36fec0ec,live,
MET-0035,2026-09-11,CRDO,,EPS consensus,유지,6.2736,6.2736,0%,Yahoo Finance non-GAAP,"Analysts: 19. Period end is the provider label, not independently inferred issuer year end. Observation is retrieval date; no historical revision inferred.",NASDAQ:CRDO,IDEA-0002,2026-09-11,2027-04-30,annual,consensus,per share,USD,non-GAAP,https://finance.yahoo.com/quote/CRDO/analysis/,efb9897e39c13dbc676e314477e836ef5713fc60c7503197259930f15b034933,live,
MET-0036,2026-09-11,CRDO,,EPS consensus,유지,9.62603,9.62603,0%,Yahoo Finance non-GAAP,"Analysts: 19. Period end is the provider label, not independently inferred issuer year end. Observation is retrieval date; no historical revision inferred.",NASDAQ:CRDO,IDEA-0002,2026-09-11,2028-04-30,annual,consensus,per share,USD,non-GAAP,https://finance.yahoo.com/quote/CRDO/analysis/,5a9c5dba904e25605008b39bb877c12ff12dd536010146ccacc44830bc8c5287,live,
MET-0037,2026-09-11,ALAB,,EPS consensus,유지,4.0322,4.0322,0%,Yahoo Finance non-GAAP,"Analysts: 21. Period end is the provider label, not independently inferred issuer year end. Observation is retrieval date; no historical revision inferred.",NASDAQ:ALAB,IDEA-0003,2026-09-11,2026-12-31,annual,consensus,per share,USD,non-GAAP,https://finance.yahoo.com/quote/ALAB/analysis/,86cbf6d2affc2f67b9a0732e436a489eecec6406e1983c8a3cc50811a05a9430,live,
MET-0038,2026-09-11,ALAB,,EPS consensus,유지,6.39348,6.39348,0%,Yahoo Finance non-GAAP,"Analysts: 23. Period end is the provider label, not independently inferred issuer year end. Observation is retrieval date; no historical revision inferred.",NASDAQ:ALAB,IDEA-0003,2026-09-11,2027-12-31,annual,consensus,per share,USD,non-GAAP,https://finance.yahoo.com/quote/ALAB/analysis/,924b1b8fb04d27ef1c64c3df17e105261b050fc6e258b2411a7c2ad0feb78ffb,live,
MET-0039,2026-09-11,MRVL,,EPS consensus,유지,4.20105,4.20105,0%,Yahoo Finance non-GAAP,"Analysts: 36. Period end is the provider label, not independently inferred issuer year end. Observation is retrieval date; no historical revision inferred.",NASDAQ:MRVL,IDEA-0004,2026-09-11,2027-01-31,annual,consensus,per share,USD,non-GAAP,https://finance.yahoo.com/quote/MRVL/analysis/,33b4c646869fbf2b061aaa847867a7d81b919586ef2886a09c27b06bb7eb3000,live,
MET-0040,2026-09-11,MRVL,,EPS consensus,유지,6.72085,6.72085,0%,Yahoo Finance non-GAAP,"Analysts: 40. Period end is the provider label, not independently inferred issuer year end. Observation is retrieval date; no historical revision inferred.",NASDAQ:MRVL,IDEA-0004,2026-09-11,2028-01-31,annual,consensus,per share,USD,non-GAAP,https://finance.yahoo.com/quote/MRVL/analysis/,0cb60306ddd16e9634c46b097ede86db77298c6027b88426e320284220fe8283,live,
MET-0041,2026-09-12,CRDO,,EPS consensus,유지,6.2736,6.2736,0%,Yahoo Finance non-GAAP,"Analysts: 19. Period end is the provider label, not independently inferred issuer year end. Observation is retrieval date; no historical revision inferred.",NASDAQ:CRDO,IDEA-0002,2026-09-12,2027-04-30,annual,consensus,per share,USD,non-GAAP,https://finance.yahoo.com/quote/CRDO/analysis/,f98f540e94649874ca85daa7ee75eef6d81c12449b5cd1137663a64994492958,live,
MET-0042,2026-09-12,CRDO,,EPS consensus,유지,9.62603,9.62603,0%,Yahoo Finance non-GAAP,"Analysts: 19. Period end is the provider label, not independently inferred issuer year end. Observation is retrieval date; no historical revision inferred.",NASDAQ:CRDO,IDEA-0002,2026-09-12,2028-04-30,annual,consensus,per share,USD,non-GAAP,https://finance.yahoo.com/quote/CRDO/analysis/,b8523a9ce471f5e02a45f326545296be5fab88efbe7dfd479d4b6b8ab03fe849,live,
MET-0043,2026-09-12,ALAB,,EPS consensus,유지,4.0322,4.0322,0%,Yahoo Finance non-GAAP,"Analysts: 21. Period end is the provider label, not independently inferred issuer year end. Observation is retrieval date; no historical revision inferred.",NASDAQ:ALAB,IDEA-0003,2026-09-12,2026-12-31,annual,consensus,per share,USD,non-GAAP,https://finance.yahoo.com/quote/ALAB/analysis/,ffc9b4dfe4ae57eb04e3b18bf16535d2aca8bb2645829e531e9519c8491e7068,live,
MET-0044,2026-09-12,ALAB,,EPS consensus,유지,6.39348,6.39348,0%,Yahoo Finance non-GAAP,"Analysts: 23. Period end is the provider label, not independently inferred issuer year end. Observation is retrieval date; no historical revision inferred.",NASDAQ:ALAB,IDEA-0003,2026-09-12,2027-12-31,annual,consensus,per share,USD,non-GAAP,https://finance.yahoo.com/quote/ALAB/analysis/,7bf4816e5648380a0cd0193ebc1171e18e40a49e54c6c44588a5119215c6e543,live,
MET-0045,2026-09-12,MRVL,,EPS consensus,상향,4.20105,4.20156,0.01214%,Yahoo Finance non-GAAP,"Analysts: 37. Period end is the provider label, not independently inferred issuer year end. Observation is retrieval date; no historical revision inferred.",NASDAQ:MRVL,IDEA-0004,2026-09-12,2027-01-31,annual,consensus,per share,USD,non-GAAP,https://finance.yahoo.com/quote/MRVL/analysis/,1f5ecf67cc3841f9373fa8bc61b048b2961bb20ab16f614ce5f22d7c06a0aa15,live,
MET-0046,2026-09-12,MRVL,,EPS consensus,하향,6.72085,6.71985,-0.01488%,Yahoo Finance non-GAAP,"Analysts: 41. Period end is the provider label, not independently inferred issuer year end. Observation is retrieval date; no historical revision inferred.",NASDAQ:MRVL,IDEA-0004,2026-09-12,2028-01-31,annual,consensus,per share,USD,non-GAAP,https://finance.yahoo.com/quote/MRVL/analysis/,db00fbc2810447bf4e94d866d6141dbbd3b8bf22fef57f328208ed949f3b69a5,live,
MET-0047,2026-09-13,CRDO,,EPS consensus,유지,6.2736,6.2736,0%,Yahoo Finance non-GAAP,"Analysts: 19. Period end is the provider label, not independently inferred issuer year end. Observation is retrieval date; no historical revision inferred.",NASDAQ:CRDO,IDEA-0002,2026-09-13,2027-04-30,annual,consensus,per share,USD,non-GAAP,https://finance.yahoo.com/quote/CRDO/analysis/,6f49e1e0fabe39ff79a320a0aee28c153b53ac692b5fdf8572e1eadc995cc91c,live,
MET-0048,2026-09-13,CRDO,,EPS consensus,유지,9.62603,9.62603,0%,Yahoo Finance non-GAAP,"Analysts: 19. Period end is the provider label, not independently inferred issuer year end. Observation is retrieval date; no historical revision inferred.",NASDAQ:CRDO,IDEA-0002,2026-09-13,2028-04-30,annual,consensus,per share,USD,non-GAAP,https://finance.yahoo.com/quote/CRDO/analysis/,d77b9185015d1076db7dea98d67144623aac02c3784658a06a66ff5df2e89ee6,live,
MET-0049,2026-09-13,ALAB,,EPS consensus,유지,4.0322,4.0322,0%,Yahoo Finance non-GAAP,"Analysts: 21. Period end is the provider label, not independently inferred issuer year end. Observation is retrieval date; no historical revision inferred.",NASDAQ:ALAB,IDEA-0003,2026-09-13,2026-12-31,annual,consensus,per share,USD,non-GAAP,https://finance.yahoo.com/quote/ALAB/analysis/,7607926671590825ab5715de73c33b369daafa66081dc22f17919f78a35cc9a2,live,
MET-0050,2026-09-13,ALAB,,EPS consensus,유지,6.39348,6.39348,0%,Yahoo Finance non-GAAP,"Analysts: 23. Period end is the provider label, not independently inferred issuer year end. Observation is retrieval date; no historical revision inferred.",NASDAQ:ALAB,IDEA-0003,2026-09-13,2027-12-31,annual,consensus,per share,USD,non-GAAP,https://finance.yahoo.com/quote/ALAB/analysis/,71d82e69809d4fe4151b3b3649b11b22566c593e2d99dd84074bcb608ce79642,live,
MET-0051,2026-09-13,MRVL,,EPS consensus,유지,4.20156,4.20156,0%,Yahoo Finance non-GAAP,"Analysts: 37. Period end is the provider label, not independently inferred issuer year end. Observation is retrieval date; no historical revision inferred.",NASDAQ:MRVL,IDEA-0004,2026-09-13,2027-01-31,annual,consensus,per share,USD,non-GAAP,https://finance.yahoo.com/quote/MRVL/analysis/,b3a99cca7b0d60ce76819040fdb3ee32187d090c2d5ba6cf987998b91b06042e,live,
MET-0052,2026-09-13,MRVL,,EPS consensus,유지,6.71985,6.71985,0%,Yahoo Finance non-GAAP,"Analysts: 41. Period end is the provider label, not independently inferred issuer year end. Observation is retrieval date; no historical revision inferred.",NASDAQ:MRVL,IDEA-0004,2026-09-13,2028-01-31,annual,consensus,per share,USD,non-GAAP,https://finance.yahoo.com/quote/MRVL/analysis/,8203bf62f4036c832e84c316ac25d3a1a4ffba884cd93922555ffd83507596f5,live,
MET-0053,2026-09-14,CRDO,,EPS consensus,상향,6.2736,6.30217,0.4554%,Yahoo Finance non-GAAP,"Analysts: 19. Period end is the provider label, not independently inferred issuer year end. Observation is retrieval date; no historical revision inferred.",NASDAQ:CRDO,IDEA-0002,2026-09-14,2027-04-30,annual,consensus,per share,USD,non-GAAP,https://finance.yahoo.com/quote/CRDO/analysis/,07ac7c20e0e491a4e30ea38c42d53b3416b274521866a81612638ca4a1937987,live,
MET-0054,2026-09-14,CRDO,,EPS consensus,상향,9.62603,9.67107,0.4679%,Yahoo Finance non-GAAP,"Analysts: 19. Period end is the provider label, not independently inferred issuer year end. Observation is retrieval date; no historical revision inferred.",NASDAQ:CRDO,IDEA-0002,2026-09-14,2028-04-30,annual,consensus,per share,USD,non-GAAP,https://finance.yahoo.com/quote/CRDO/analysis/,ad9275932b750a540677edc21ce1144f5be4a4fb4550a903c12a2a81a8a82859,live,
MET-0055,2026-09-14,ALAB,,EPS consensus,유지,4.0322,4.0322,0%,Yahoo Finance non-GAAP,"Analysts: 21. Period end is the provider label, not independently inferred issuer year end. Observation is retrieval date; no historical revision inferred.",NASDAQ:ALAB,IDEA-0003,2026-09-14,2026-12-31,annual,consensus,per share,USD,non-GAAP,https://finance.yahoo.com/quote/ALAB/analysis/,88986e8a23eb7e86e517097e25c3819f8d5f95faf8e8c65c9fa9b74863e5b39e,live,
MET-0056,2026-09-14,ALAB,,EPS consensus,유지,6.39348,6.39348,0%,Yahoo Finance non-GAAP,"Analysts: 23. Period end is the provider label, not independently inferred issuer year end. Observation is retrieval date; no historical revision inferred.",NASDAQ:ALAB,IDEA-0003,2026-09-14,2027-12-31,annual,consensus,per share,USD,non-GAAP,https://finance.yahoo.com/quote/ALAB/analysis/,a7193bfe301cfca90f6a95ccda73ff983ae3be75e8b83d4456528e02a4d07d17,live,
MET-0057,2026-09-14,MRVL,,EPS consensus,상향,4.20156,4.21231,0.2559%,Yahoo Finance non-GAAP,"Analysts: 38. Period end is the provider label, not independently inferred issuer year end. Observation is retrieval date; no historical revision inferred.",NASDAQ:MRVL,IDEA-0004,2026-09-14,2027-01-31,annual,consensus,per share,USD,non-GAAP,https://finance.yahoo.com/quote/MRVL/analysis/,6576d7225faafd858fda5ba281e652f759bd12833b71f259f59dff6d4309d946,live,
MET-0058,2026-09-14,MRVL,,EPS consensus,상향,6.71985,6.73275,0.192%,Yahoo Finance non-GAAP,"Analysts: 41. Period end is the provider label, not independently inferred issuer year end. Observation is retrieval date; no historical revision inferred.",NASDAQ:MRVL,IDEA-0004,2026-09-14,2028-01-31,annual,consensus,per share,USD,non-GAAP,https://finance.yahoo.com/quote/MRVL/analysis/,e5ed3d9ba21699f4a04e068682248e2b4872d9aa097a8ff303bfc7e3e49fc451,live,
MET-0059,2026-09-14,CRDO,,Regular session price,,,162.95,,Yahoo Finance chart,"{""market_time_utc"": ""2026-09-11T20:00:01+00:00"", ""session"": ""regular"", ""limitation"": ""Latest regular-session quote, not necessarily a closing auction price. Retrieval date is not trading date.""}",NASDAQ:CRDO,IDEA-0002,2026-09-14T22:21:22.759641+09:00,,,price,per share,USD,not-applicable,https://query1.finance.yahoo.com/v8/finance/chart/CRDO?range=5d&interval=1d,40afbfc3427c9cdc96cbcad7fa2251fa804b035d0fde7d8d15041014c9a55edb,live,
MET-0060,2026-09-14,ALAB,,Regular session price,,,291.22,,Yahoo Finance chart,"{""market_time_utc"": ""2026-09-11T20:00:01+00:00"", ""session"": ""regular"", ""limitation"": ""Latest regular-session quote, not necessarily a closing auction price. Retrieval date is not trading date.""}",NASDAQ:ALAB,IDEA-0003,2026-09-14T22:21:23.121272+09:00,,,price,per share,USD,not-applicable,https://query1.finance.yahoo.com/v8/finance/chart/ALAB?range=5d&interval=1d,a3da957172e1d681397c017d4e66a34aecff13cae8ed4344cb7677cd4fbd93d3,live,
MET-0061,2026-09-14,MRVL,,Regular session price,,,236.1,,Yahoo Finance chart,"{""market_time_utc"": ""2026-09-11T20:00:01+00:00"", ""session"": ""regular"", ""limitation"": ""Latest regular-session quote, not necessarily a closing auction price. Retrieval date is not trading date.""}",NASDAQ:MRVL,IDEA-0004,2026-09-14T22:21:23.432157+09:00,,,price,per share,USD,not-applicable,https://query1.finance.yahoo.com/v8/finance/chart/MRVL?range=5d&interval=1d,b9446b0140f9fc774e4093ff8862c00194efda9254b3ed79166469262ac5c171,live,
MET-0062,2026-09-14,CRDO,,Regular session price,유지,162.95,162.95,0%,Yahoo Finance chart,"{""market_time_utc"": ""2026-09-11T20:00:01+00:00"", ""session"": ""regular"", ""limitation"": ""Latest regular-session quote, not necessarily a closing auction price. Retrieval date is not trading date.""}",NASDAQ:CRDO,IDEA-0002,2026-09-14T22:25:56.545043+09:00,,,price,per share,USD,not-applicable,https://query1.finance.yahoo.com/v8/finance/chart/CRDO?range=5d&interval=1d,507c838e746e4c4a4a3b430076206bc2f3ab09516991468c051dc047130cd0d6,live,
MET-0063,2026-09-14,ALAB,,Regular session price,유지,291.22,291.22,0%,Yahoo Finance chart,"{""market_time_utc"": ""2026-09-11T20:00:01+00:00"", ""session"": ""regular"", ""limitation"": ""Latest regular-session quote, not necessarily a closing auction price. Retrieval date is not trading date.""}",NASDAQ:ALAB,IDEA-0003,2026-09-14T22:25:56.627579+09:00,,,price,per share,USD,not-applicable,https://query1.finance.yahoo.com/v8/finance/chart/ALAB?range=5d&interval=1d,9bc16ed679b4cc255f6ed2d94741df2068864ce78d329c2473ca47581ec77fb4,live,
MET-0064,2026-09-14,MRVL,,Regular session price,유지,236.1,236.1,0%,Yahoo Finance chart,"{""market_time_utc"": ""2026-09-11T20:00:01+00:00"", ""session"": ""regular"", ""limitation"": ""Latest regular-session quote, not necessarily a closing auction price. Retrieval date is not trading date.""}",NASDAQ:MRVL,IDEA-0004,2026-09-14T22:25:56.713319+09:00,,,price,per share,USD,not-applicable,https://query1.finance.yahoo.com/v8/finance/chart/MRVL?range=5d&interval=1d,609a63c0c608c74980d858153956dc3843ec70cd183a31eb044885b8f03a1a56,live,
MET-0065,2026-09-14,CRDO,,Regular session price,하향,162.95,152.16,-6.622%,Yahoo Finance chart,"{""market_time_utc"": ""2026-09-14T14:03:30+00:00"", ""session"": ""regular"", ""limitation"": ""Latest regular-session quote, not necessarily a closing auction price. Retrieval date is not trading date.""}",NASDAQ:CRDO,IDEA-0002,2026-09-14T23:03:33.128669+09:00,,,price,per share,USD,not-applicable,https://query1.finance.yahoo.com/v8/finance/chart/CRDO?range=5d&interval=1d,9f331e6845c029483d6686d3d7c5621b78fbd3bd43102a661d044533b1df2e9c,live,
MET-0066,2026-09-14,ALAB,,Regular session price,하향,291.22,268.205,-7.903%,Yahoo Finance chart,"{""market_time_utc"": ""2026-09-14T14:03:32+00:00"", ""session"": ""regular"", ""limitation"": ""Latest regular-session quote, not necessarily a closing auction price. Retrieval date is not trading date.""}",NASDAQ:ALAB,IDEA-0003,2026-09-14T23:03:33.314211+09:00,,,price,per share,USD,not-applicable,https://query1.finance.yahoo.com/v8/finance/chart/ALAB?range=5d&interval=1d,492987671daee5b624fe939d4e9d29eb365a29a7d668f707722c171002a709dc,live,
MET-0067,2026-09-14,MRVL,,Regular session price,하향,236.1,220.84,-6.463%,Yahoo Finance chart,"{""market_time_utc"": ""2026-09-14T14:03:31+00:00"", ""session"": ""regular"", ""limitation"": ""Latest regular-session quote, not necessarily a closing auction price. Retrieval date is not trading date.""}",NASDAQ:MRVL,IDEA-0004,2026-09-14T23:03:33.507773+09:00,,,price,per share,USD,not-applicable,https://query1.finance.yahoo.com/v8/finance/chart/MRVL?range=5d&interval=1d,4c4a51cbbe6bd05468aa22c8f64c865864be6334a12f4e851982667941f533d7,live,
MET-0068,2026-09-15,CRDO,,EPS consensus,유지,6.30217,6.30217,0%,Yahoo Finance non-GAAP,"Analysts: 19. Period end is the provider label, not independently inferred issuer year end. Observation is retrieval date; no historical revision inferred.",NASDAQ:CRDO,IDEA-0002,2026-09-15,2027-04-30,annual,consensus,per share,USD,non-GAAP,https://finance.yahoo.com/quote/CRDO/analysis/,f92bed6bc8fb7a734345ec14ba9144399ed50af6229008f8ae6492b88f6468e3,live,
MET-0069,2026-09-15,CRDO,,EPS consensus,유지,9.67107,9.67107,0%,Yahoo Finance non-GAAP,"Analysts: 19. Period end is the provider label, not independently inferred issuer year end. Observation is retrieval date; no historical revision inferred.",NASDAQ:CRDO,IDEA-0002,2026-09-15,2028-04-30,annual,consensus,per share,USD,non-GAAP,https://finance.yahoo.com/quote/CRDO/analysis/,f6b0689129b5ca7208869510c5fd161f7807d5b3d5d707ae26e9fd3f7d144c06,live,
MET-0070,2026-09-15,ALAB,,EPS consensus,유지,4.0322,4.0322,0%,Yahoo Finance non-GAAP,"Analysts: 21. Period end is the provider label, not independently inferred issuer year end. Observation is retrieval date; no historical revision inferred.",NASDAQ:ALAB,IDEA-0003,2026-09-15,2026-12-31,annual,consensus,per share,USD,non-GAAP,https://finance.yahoo.com/quote/ALAB/analysis/,d311dfafd886da96bde2d3cdd8addf21febe8b3a2a22b407e907094833301727,live,
MET-0071,2026-09-15,ALAB,,EPS consensus,유지,6.39348,6.39348,0%,Yahoo Finance non-GAAP,"Analysts: 23. Period end is the provider label, not independently inferred issuer year end. Observation is retrieval date; no historical revision inferred.",NASDAQ:ALAB,IDEA-0003,2026-09-15,2027-12-31,annual,consensus,per share,USD,non-GAAP,https://finance.yahoo.com/quote/ALAB/analysis/,f06c7c327d59f4515818c76bba20ac6fa6a699fec0c53a8a0544f5bcedae35ee,live,
MET-0072,2026-09-15,MRVL,,EPS consensus,유지,4.21231,4.21231,0%,Yahoo Finance non-GAAP,"Analysts: 38. Period end is the provider label, not independently inferred issuer year end. Observation is retrieval date; no historical revision inferred.",NASDAQ:MRVL,IDEA-0004,2026-09-15,2027-01-31,annual,consensus,per share,USD,non-GAAP,https://finance.yahoo.com/quote/MRVL/analysis/,590a12bbe0247b14f5f6fda4dc3c881be2d77795042e918b32b2040c9bcf3ec8,live,
MET-0073,2026-09-15,MRVL,,EPS consensus,유지,6.73275,6.73275,0%,Yahoo Finance non-GAAP,"Analysts: 41. Period end is the provider label, not independently inferred issuer year end. Observation is retrieval date; no historical revision inferred.",NASDAQ:MRVL,IDEA-0004,2026-09-15,2028-01-31,annual,consensus,per share,USD,non-GAAP,https://finance.yahoo.com/quote/MRVL/analysis/,a241d5b609f803c23c0e307c6fb05524b291b3c34633558a6c7f4ed57611722a,live,
MET-0074,2026-09-15,CRDO,,Regular session price,하향,152.16,150.09,-1.36%,Yahoo Finance chart,"{""market_time_utc"": ""2026-09-14T20:00:01+00:00"", ""session"": ""regular"", ""limitation"": ""Latest regular-session quote, not necessarily a closing auction price. Retrieval date is not trading date.""}",NASDAQ:CRDO,IDEA-0002,2026-09-15T14:02:55.540341+09:00,,,price,per share,USD,not-applicable,https://query1.finance.yahoo.com/v8/finance/chart/CRDO?range=5d&interval=1d,18881765098df1953e2abb04a7c08c7b4b259e2a92e4592b9b9045b7926311ad,live,
MET-0075,2026-09-15,ALAB,,Regular session price,하향,268.205,257.04,-4.163%,Yahoo Finance chart,"{""market_time_utc"": ""2026-09-14T20:00:01+00:00"", ""session"": ""regular"", ""limitation"": ""Latest regular-session quote, not necessarily a closing auction price. Retrieval date is not trading date.""}",NASDAQ:ALAB,IDEA-0003,2026-09-15T14:02:55.684072+09:00,,,price,per share,USD,not-applicable,https://query1.finance.yahoo.com/v8/finance/chart/ALAB?range=5d&interval=1d,9fe6b806d62cfa0bd5972b81698b4d5abf20374c36b54c00b3eff6a127ac93db,live,
MET-0076,2026-09-15,MRVL,,Regular session price,하향,220.84,218.82,-0.9147%,Yahoo Finance chart,"{""market_time_utc"": ""2026-09-14T20:00:01+00:00"", ""session"": ""regular"", ""limitation"": ""Latest regular-session quote, not necessarily a closing auction price. Retrieval date is not trading date.""}",NASDAQ:MRVL,IDEA-0004,2026-09-15T14:02:55.836895+09:00,,,price,per share,USD,not-applicable,https://query1.finance.yahoo.com/v8/finance/chart/MRVL?range=5d&interval=1d,f9ddfbc639e01d868a5511a165a0dfa0dbf4438b0dc3dc04384e4b40dfea1e75,live,
MET-0077,2026-09-16,CRDO,,EPS consensus,상향,6.30217,6.30533,0.05014%,Yahoo Finance non-GAAP,"Analysts: 19. Period end is the provider label, not independently inferred issuer year end. Observation is retrieval date; no historical revision inferred.",NASDAQ:CRDO,IDEA-0002,2026-09-16,2027-04-30,annual,consensus,per share,USD,non-GAAP,https://finance.yahoo.com/quote/CRDO/analysis/,2f1f8c133dbf5e57efb9cf9a641d8c05fa5ed9edd7598fd1effbc8228fa54a63,live,
MET-0078,2026-09-16,CRDO,,EPS consensus,상향,9.67107,9.70476,0.3484%,Yahoo Finance non-GAAP,"Analysts: 19. Period end is the provider label, not independently inferred issuer year end. Observation is retrieval date; no historical revision inferred.",NASDAQ:CRDO,IDEA-0002,2026-09-16,2028-04-30,annual,consensus,per share,USD,non-GAAP,https://finance.yahoo.com/quote/CRDO/analysis/,9e3155d02d7f69d67bcb9b2d2e003ca54f21b950e2846b29a6fd935cfaa3d9aa,live,
MET-0079,2026-09-16,ALAB,,EPS consensus,유지,4.0322,4.0322,0%,Yahoo Finance non-GAAP,"Analysts: 21. Period end is the provider label, not independently inferred issuer year end. Observation is retrieval date; no historical revision inferred.",NASDAQ:ALAB,IDEA-0003,2026-09-16,2026-12-31,annual,consensus,per share,USD,non-GAAP,https://finance.yahoo.com/quote/ALAB/analysis/,8168b189f1c31d33421c36c028c779930ce777c9ce04a3fc8e23336fa6097cec,live,
MET-0080,2026-09-16,ALAB,,EPS consensus,유지,6.39348,6.39348,0%,Yahoo Finance non-GAAP,"Analysts: 23. Period end is the provider label, not independently inferred issuer year end. Observation is retrieval date; no historical revision inferred.",NASDAQ:ALAB,IDEA-0003,2026-09-16,2027-12-31,annual,consensus,per share,USD,non-GAAP,https://finance.yahoo.com/quote/ALAB/analysis/,ef1a26e9846e1c330af9356190767367b041e209bc7187bac6abfc1c46b65c9c,live,
MET-0081,2026-09-16,MRVL,,EPS consensus,상향,4.21231,4.21276,0.01068%,Yahoo Finance non-GAAP,"Analysts: 39. Period end is the provider label, not independently inferred issuer year end. Observation is retrieval date; no historical revision inferred.",NASDAQ:MRVL,IDEA-0004,2026-09-16,2027-01-31,annual,consensus,per share,USD,non-GAAP,https://finance.yahoo.com/quote/MRVL/analysis/,e641120d7c82ffd8c75cbf9a0af1c966262297effacf2b18930e952ccfef36d0,live,
MET-0082,2026-09-16,MRVL,,EPS consensus,상향,6.73275,6.7608,0.4166%,Yahoo Finance non-GAAP,"Analysts: 41. Period end is the provider label, not independently inferred issuer year end. Observation is retrieval date; no historical revision inferred.",NASDAQ:MRVL,IDEA-0004,2026-09-16,2028-01-31,annual,consensus,per share,USD,non-GAAP,https://finance.yahoo.com/quote/MRVL/analysis/,58a0485bd8e319a6cc2ab8c76868b8931f301c8572f18ee13ea5954414ace3db,live,
MET-0083,2026-09-16,CRDO,,Regular session price,상향,150.09,150.39,0.1999%,Yahoo Finance chart,"{""market_time_utc"": ""2026-09-15T20:00:01+00:00"", ""session"": ""regular"", ""limitation"": ""Latest regular-session quote, not necessarily a closing auction price. Retrieval date is not trading date.""}",NASDAQ:CRDO,IDEA-0002,2026-09-16T13:57:19.069943+09:00,,,price,per share,USD,not-applicable,https://query1.finance.yahoo.com/v8/finance/chart/CRDO?range=5d&interval=1d,5233cb2b7217f877c31352f6d09f3a17c6e288b6b98cc1c4dd655adc322504af,live,
MET-0084,2026-09-16,ALAB,,Regular session price,하향,257.04,252.54,-1.751%,Yahoo Finance chart,"{""market_time_utc"": ""2026-09-15T20:00:01+00:00"", ""session"": ""regular"", ""limitation"": ""Latest regular-session quote, not necessarily a closing auction price. Retrieval date is not trading date.""}",NASDAQ:ALAB,IDEA-0003,2026-09-16T13:57:19.131267+09:00,,,price,per share,USD,not-applicable,https://query1.finance.yahoo.com/v8/finance/chart/ALAB?range=5d&interval=1d,882920fa02d8daeb4931c2ee4cfd38839e439f90c1a26e1038db869620c9cea9,live,
MET-0085,2026-09-16,MRVL,,Regular session price,상향,218.82,221.7,1.316%,Yahoo Finance chart,"{""market_time_utc"": ""2026-09-15T20:00:01+00:00"", ""session"": ""regular"", ""limitation"": ""Latest regular-session quote, not necessarily a closing auction price. Retrieval date is not trading date.""}",NASDAQ:MRVL,IDEA-0004,2026-09-16T13:57:19.201756+09:00,,,price,per share,USD,not-applicable,https://query1.finance.yahoo.com/v8/finance/chart/MRVL?range=5d&interval=1d,5cbd0bf1dc463f2716a28ef0b3431c1a456375b9668ce56436a6c6f7cf43e639,live,
MET-0086,2026-09-17,CRDO,,EPS consensus,유지,6.30533,6.30533,0%,Yahoo Finance non-GAAP,"Analysts: 19. Period end is the provider label, not independently inferred issuer year end. Observation is retrieval date; no historical revision inferred.",NASDAQ:CRDO,IDEA-0002,2026-09-17,2027-04-30,annual,consensus,per share,USD,non-GAAP,https://finance.yahoo.com/quote/CRDO/analysis/,436485dc9fda684ba757e94ba27c850cda75d7c4d4ed4c39b19b9d1e2bcce876,live,
MET-0087,2026-09-17,CRDO,,EPS consensus,유지,9.70476,9.70476,0%,Yahoo Finance non-GAAP,"Analysts: 19. Period end is the provider label, not independently inferred issuer year end. Observation is retrieval date; no historical revision inferred.",NASDAQ:CRDO,IDEA-0002,2026-09-17,2028-04-30,annual,consensus,per share,USD,non-GAAP,https://finance.yahoo.com/quote/CRDO/analysis/,58184e5541e55b0432c383c1975bbfd423314ec8fb3f35d151d22b422f3eafd4,live,
MET-0088,2026-09-17,ALAB,,EPS consensus,유지,4.0322,4.0322,0%,Yahoo Finance non-GAAP,"Analysts: 21. Period end is the provider label, not independently inferred issuer year end. Observation is retrieval date; no historical revision inferred.",NASDAQ:ALAB,IDEA-0003,2026-09-17,2026-12-31,annual,consensus,per share,USD,non-GAAP,https://finance.yahoo.com/quote/ALAB/analysis/,97f22f02bf9632098900d153bcdbad32ecb73789f73a6714aac1e35ccd7f8b98,live,
MET-0089,2026-09-17,ALAB,,EPS consensus,유지,6.39348,6.39348,0%,Yahoo Finance non-GAAP,"Analysts: 23. Period end is the provider label, not independently inferred issuer year end. Observation is retrieval date; no historical revision inferred.",NASDAQ:ALAB,IDEA-0003,2026-09-17,2027-12-31,annual,consensus,per share,USD,non-GAAP,https://finance.yahoo.com/quote/ALAB/analysis/,7d5ac367801271e803dc56f4c92e55eda23770673010213290901875e54ce372,live,
MET-0090,2026-09-17,MRVL,,EPS consensus,유지,4.21276,4.21276,0%,Yahoo Finance non-GAAP,"Analysts: 39. Period end is the provider label, not independently inferred issuer year end. Observation is retrieval date; no historical revision inferred.",NASDAQ:MRVL,IDEA-0004,2026-09-17,2027-01-31,annual,consensus,per share,USD,non-GAAP,https://finance.yahoo.com/quote/MRVL/analysis/,93fed8925b9443640cdea25229d07195073b2ec559f046d241c919a74d87eca9,live,
MET-0091,2026-09-17,MRVL,,EPS consensus,유지,6.7608,6.7608,0%,Yahoo Finance non-GAAP,"Analysts: 41. Period end is the provider label, not independently inferred issuer year end. Observation is retrieval date; no historical revision inferred.",NASDAQ:MRVL,IDEA-0004,2026-09-17,2028-01-31,annual,consensus,per share,USD,non-GAAP,https://finance.yahoo.com/quote/MRVL/analysis/,f313e646f56389c6a8efe72860423204f668efe2b9236acee7d24c6e3f975b4f,live,
MET-0092,2026-09-17,CRDO,,Regular session price,상향,150.39,161.49,7.381%,Yahoo Finance chart,"{""market_time_utc"": ""2026-09-16T20:00:01+00:00"", ""session"": ""regular"", ""limitation"": ""Latest regular-session quote, not necessarily a closing auction price. Retrieval date is not trading date.""}",NASDAQ:CRDO,IDEA-0002,2026-09-17T14:03:07.236020+09:00,,,price,per share,USD,not-applicable,https://query1.finance.yahoo.com/v8/finance/chart/CRDO?range=5d&interval=1d,c1cad59f0130d8b045674e3bc289d7662587d8f10a68cd0081c0ed9dcee859e4,live,
MET-0093,2026-09-17,ALAB,,Regular session price,상향,252.54,269.18,6.589%,Yahoo Finance chart,"{""market_time_utc"": ""2026-09-16T20:00:01+00:00"", ""session"": ""regular"", ""limitation"": ""Latest regular-session quote, not necessarily a closing auction price. Retrieval date is not trading date.""}",NASDAQ:ALAB,IDEA-0003,2026-09-17T14:03:07.350621+09:00,,,price,per share,USD,not-applicable,https://query1.finance.yahoo.com/v8/finance/chart/ALAB?range=5d&interval=1d,3276137db180f69836a0d6e94ef9e0feb9b947e05f3f957aaa6ca678269d9a77,live,
MET-0094,2026-09-17,MRVL,,Regular session price,상향,221.7,229.71,3.613%,Yahoo Finance chart,"{""market_time_utc"": ""2026-09-16T20:00:01+00:00"", ""session"": ""regular"", ""limitation"": ""Latest regular-session quote, not necessarily a closing auction price. Retrieval date is not trading date.""}",NASDAQ:MRVL,IDEA-0004,2026-09-17T14:03:07.489479+09:00,,,price,per share,USD,not-applicable,https://query1.finance.yahoo.com/v8/finance/chart/MRVL?range=5d&interval=1d,1305f69869a09837971180a8da90209ab8b8c702f01d88bd36e7306108df7cd5,live,
MET-0095,2026-09-18,CRDO,,EPS consensus,하향,6.30533,6.30509,-0.003806%,Yahoo Finance non-GAAP,"Analysts: 19. Period end is the provider label, not independently inferred issuer year end. Observation is retrieval date; no historical revision inferred.",NASDAQ:CRDO,IDEA-0002,2026-09-18,2027-04-30,annual,consensus,per share,USD,non-GAAP,https://finance.yahoo.com/quote/CRDO/analysis/,aae08e6eb2d9d2b1becda5bcf700dd030bbf43be8e4e56653a6f0a7747265fad,live,
MET-0096,2026-09-18,CRDO,,EPS consensus,상향,9.70476,9.70487,0.001133%,Yahoo Finance non-GAAP,"Analysts: 19. Period end is the provider label, not independently inferred issuer year end. Observation is retrieval date; no historical revision inferred.",NASDAQ:CRDO,IDEA-0002,2026-09-18,2028-04-30,annual,consensus,per share,USD,non-GAAP,https://finance.yahoo.com/quote/CRDO/analysis/,b6669c092840236f262a099b61993f1e807388a0571ab0aa4d4b90fc8ccdaca9,live,
MET-0097,2026-09-18,ALAB,,EPS consensus,유지,4.0322,4.0322,0%,Yahoo Finance non-GAAP,"Analysts: 21. Period end is the provider label, not independently inferred issuer year end. Observation is retrieval date; no historical revision inferred.",NASDAQ:ALAB,IDEA-0003,2026-09-18,2026-12-31,annual,consensus,per share,USD,non-GAAP,https://finance.yahoo.com/quote/ALAB/analysis/,2aadfe665bcf4e53cc9dbe20a0d5343e5c7c44aedc530dd971b1ea2ab3a75b81,live,
MET-0098,2026-09-18,ALAB,,EPS consensus,유지,6.39348,6.39348,0%,Yahoo Finance non-GAAP,"Analysts: 23. Period end is the provider label, not independently inferred issuer year end. Observation is retrieval date; no historical revision inferred.",NASDAQ:ALAB,IDEA-0003,2026-09-18,2027-12-31,annual,consensus,per share,USD,non-GAAP,https://finance.yahoo.com/quote/ALAB/analysis/,d2f4bcdcf3c25833b0fef3278dc9a6c3c5557084bc6d0b0f38ecb45213484ab9,live,
MET-0099,2026-09-18,MRVL,,EPS consensus,상향,4.21276,4.21287,0.002611%,Yahoo Finance non-GAAP,"Analysts: 39. Period end is the provider label, not independently inferred issuer year end. Observation is retrieval date; no historical revision inferred.",NASDAQ:MRVL,IDEA-0004,2026-09-18,2027-01-31,annual,consensus,per share,USD,non-GAAP,https://finance.yahoo.com/quote/MRVL/analysis/,91aeb22e4586e82799741ce4d2b322c5c492afb495805782d8464efa7a887f26,live,
MET-0100,2026-09-18,MRVL,,EPS consensus,상향,6.7608,6.76085,0.0007396%,Yahoo Finance non-GAAP,"Analysts: 41. Period end is the provider label, not independently inferred issuer year end. Observation is retrieval date; no historical revision inferred.",NASDAQ:MRVL,IDEA-0004,2026-09-18,2028-01-31,annual,consensus,per share,USD,non-GAAP,https://finance.yahoo.com/quote/MRVL/analysis/,f636122fb1c2d247e99f5c1edaa0ec943e956c310aa67aac0b608191b2458326,live,
MET-0101,2026-09-18,CRDO,,Regular session price,상향,161.49,168.25,4.186%,Yahoo Finance chart,"{""market_time_utc"": ""2026-09-17T20:00:01+00:00"", ""session"": ""regular"", ""limitation"": ""Latest regular-session quote, not necessarily a closing auction price. Retrieval date is not trading date.""}",NASDAQ:CRDO,IDEA-0002,2026-09-18T13:52:37.158530+09:00,,,price,per share,USD,not-applicable,https://query1.finance.yahoo.com/v8/finance/chart/CRDO?range=5d&interval=1d,67a1ccf390ba5e12f6d57750952dd05c037a879e1efb85154f6418a2b4f658f6,live,
MET-0102,2026-09-18,ALAB,,Regular session price,상향,269.18,293.56,9.057%,Yahoo Finance chart,"{""market_time_utc"": ""2026-09-17T20:00:01+00:00"", ""session"": ""regular"", ""limitation"": ""Latest regular-session quote, not necessarily a closing auction price. Retrieval date is not trading date.""}",NASDAQ:ALAB,IDEA-0003,2026-09-18T13:52:37.273863+09:00,,,price,per share,USD,not-applicable,https://query1.finance.yahoo.com/v8/finance/chart/ALAB?range=5d&interval=1d,5591537634524aa9d61da0b82b189737bea3541bbe06df1ac342f9dfd97d9432,live,
MET-0103,2026-09-18,MRVL,,Regular session price,상향,229.71,240.76,4.81%,Yahoo Finance chart,"{""market_time_utc"": ""2026-09-17T20:00:01+00:00"", ""session"": ""regular"", ""limitation"": ""Latest regular-session quote, not necessarily a closing auction price. Retrieval date is not trading date.""}",NASDAQ:MRVL,IDEA-0004,2026-09-18T13:52:37.343047+09:00,,,price,per share,USD,not-applicable,https://query1.finance.yahoo.com/v8/finance/chart/MRVL?range=5d&interval=1d,b51c2f7750d3555e889a80935d5230d54b2754c1a6550c89b074cc200c4ff41c,live,
MET-0104,2026-09-19,CRDO,,EPS consensus,유지,6.30509,6.30509,0%,Yahoo Finance non-GAAP,"Analysts: 19. Period end is the provider label, not independently inferred issuer year end. Observation is retrieval date; no historical revision inferred.",NASDAQ:CRDO,IDEA-0002,2026-09-19,2027-04-30,annual,consensus,per share,USD,non-GAAP,https://finance.yahoo.com/quote/CRDO/analysis/,ecf4a600ba4eedbdc29edabb15a93273e8558d59880eee400b8db6f6bc12768c,live,
MET-0105,2026-09-19,CRDO,,EPS consensus,유지,9.70487,9.70487,0%,Yahoo Finance non-GAAP,"Analysts: 19. Period end is the provider label, not independently inferred issuer year end. Observation is retrieval date; no historical revision inferred.",NASDAQ:CRDO,IDEA-0002,2026-09-19,2028-04-30,annual,consensus,per share,USD,non-GAAP,https://finance.yahoo.com/quote/CRDO/analysis/,dfa9bd729dcfadcf1f64b204102d0239b94a0f1d2887ca7919002d5c03c16285,live,
MET-0106,2026-09-19,ALAB,,EPS consensus,유지,4.0322,4.0322,0%,Yahoo Finance non-GAAP,"Analysts: 21. Period end is the provider label, not independently inferred issuer year end. Observation is retrieval date; no historical revision inferred.",NASDAQ:ALAB,IDEA-0003,2026-09-19,2026-12-31,annual,consensus,per share,USD,non-GAAP,https://finance.yahoo.com/quote/ALAB/analysis/,7ceaaef13775ff19eb8fceec439d5fdf77a9b61f01e50877b8db520d59e26744,live,
MET-0107,2026-09-19,ALAB,,EPS consensus,유지,6.39348,6.39348,0%,Yahoo Finance non-GAAP,"Analysts: 23. Period end is the provider label, not independently inferred issuer year end. Observation is retrieval date; no historical revision inferred.",NASDAQ:ALAB,IDEA-0003,2026-09-19,2027-12-31,annual,consensus,per share,USD,non-GAAP,https://finance.yahoo.com/quote/ALAB/analysis/,a74c7272715334f46f901aeb48edcf95700258a5975a5700cc6ffb0bb4c980a9,live,
MET-0108,2026-09-19,MRVL,,EPS consensus,유지,4.21287,4.21287,0%,Yahoo Finance non-GAAP,"Analysts: 39. Period end is the provider label, not independently inferred issuer year end. Observation is retrieval date; no historical revision inferred.",NASDAQ:MRVL,IDEA-0004,2026-09-19,2027-01-31,annual,consensus,per share,USD,non-GAAP,https://finance.yahoo.com/quote/MRVL/analysis/,f1656733110b32b92a1f17e83799d5d941aa20ab7bdec99972e07c734915f478,live,
MET-0109,2026-09-19,MRVL,,EPS consensus,유지,6.76085,6.76085,0%,Yahoo Finance non-GAAP,"Analysts: 41. Period end is the provider label, not independently inferred issuer year end. Observation is retrieval date; no historical revision inferred.",NASDAQ:MRVL,IDEA-0004,2026-09-19,2028-01-31,annual,consensus,per share,USD,non-GAAP,https://finance.yahoo.com/quote/MRVL/analysis/,ac086d260901b438ddda442fef7023d7ea0c169cad5f5372c13dac09de64c612,live,
MET-0110,2026-09-19,CRDO,,Regular session price,상향,168.25,175.89,4.541%,Yahoo Finance chart,"{""market_time_utc"": ""2026-09-18T20:00:00+00:00"", ""session"": ""regular"", ""limitation"": ""Latest regular-session quote, not necessarily a closing auction price. Retrieval date is not trading date.""}",NASDAQ:CRDO,IDEA-0002,2026-09-19T13:43:51.644990+09:00,,,price,per share,USD,not-applicable,https://query1.finance.yahoo.com/v8/finance/chart/CRDO?range=5d&interval=1d,c74141f6ecba8859f16cc967a844441433a059ef0bcab2d96e9d8ec6f3fb64de,live,
MET-0111,2026-09-19,ALAB,,Regular session price,상향,293.56,303.25,3.301%,Yahoo Finance chart,"{""market_time_utc"": ""2026-09-18T20:00:02+00:00"", ""session"": ""regular"", ""limitation"": ""Latest regular-session quote, not necessarily a closing auction price. Retrieval date is not trading date.""}",NASDAQ:ALAB,IDEA-0003,2026-09-19T13:43:51.707571+09:00,,,price,per share,USD,not-applicable,https://query1.finance.yahoo.com/v8/finance/chart/ALAB?range=5d&interval=1d,224a80815e8d068f0b91ac5d8cc9228c76c953436bfb0b199764ebbae15d2517,live,
MET-0112,2026-09-19,MRVL,,Regular session price,상향,240.76,244.25,1.45%,Yahoo Finance chart,"{""market_time_utc"": ""2026-09-18T20:00:01+00:00"", ""session"": ""regular"", ""limitation"": ""Latest regular-session quote, not necessarily a closing auction price. Retrieval date is not trading date.""}",NASDAQ:MRVL,IDEA-0004,2026-09-19T13:43:51.779925+09:00,,,price,per share,USD,not-applicable,https://query1.finance.yahoo.com/v8/finance/chart/MRVL?range=5d&interval=1d,d7cb636413a19bfa00011862588a2cae3199b371f5bfe4b56188a01ac48d938b,live,
MET-0113,2026-09-20,CRDO,,EPS consensus,유지,6.30509,6.30509,0%,Yahoo Finance non-GAAP,"Analysts: 19. Period end is the provider label, not independently inferred issuer year end. Observation is retrieval date; no historical revision inferred.",NASDAQ:CRDO,IDEA-0002,2026-09-20,2027-04-30,annual,consensus,per share,USD,non-GAAP,https://finance.yahoo.com/quote/CRDO/analysis/,e95ab73cfb6697da122ace5737c5f1bea375b2820ecf75887b1794815eaa9a9a,live,
MET-0114,2026-09-20,CRDO,,EPS consensus,유지,9.70487,9.70487,0%,Yahoo Finance non-GAAP,"Analysts: 19. Period end is the provider label, not independently inferred issuer year end. Observation is retrieval date; no historical revision inferred.",NASDAQ:CRDO,IDEA-0002,2026-09-20,2028-04-30,annual,consensus,per share,USD,non-GAAP,https://finance.yahoo.com/quote/CRDO/analysis/,564ff366543fd2824be06eacc918671318f9c79e689782163ad905b9cdc63b82,live,
MET-0115,2026-09-20,ALAB,,EPS consensus,유지,4.0322,4.0322,0%,Yahoo Finance non-GAAP,"Analysts: 21. Period end is the provider label, not independently inferred issuer year end. Observation is retrieval date; no historical revision inferred.",NASDAQ:ALAB,IDEA-0003,2026-09-20,2026-12-31,annual,consensus,per share,USD,non-GAAP,https://finance.yahoo.com/quote/ALAB/analysis/,beca22a4c0cc4e3d871030d7f4c0eaf7034cdf26fa4b2c9441db67379a6038a3,live,
MET-0116,2026-09-20,ALAB,,EPS consensus,유지,6.39348,6.39348,0%,Yahoo Finance non-GAAP,"Analysts: 23. Period end is the provider label, not independently inferred issuer year end. Observation is retrieval date; no historical revision inferred.",NASDAQ:ALAB,IDEA-0003,2026-09-20,2027-12-31,annual,consensus,per share,USD,non-GAAP,https://finance.yahoo.com/quote/ALAB/analysis/,b6baa0797415b3d96d6c92534b6fe6329508235ba862775f83871f0df8aac3e5,live,
MET-0117,2026-09-20,MRVL,,EPS consensus,유지,4.21287,4.21287,0%,Yahoo Finance non-GAAP,"Analysts: 39. Period end is the provider label, not independently inferred issuer year end. Observation is retrieval date; no historical revision inferred.",NASDAQ:MRVL,IDEA-0004,2026-09-20,2027-01-31,annual,consensus,per share,USD,non-GAAP,https://finance.yahoo.com/quote/MRVL/analysis/,6f0884979b2ead40e99ded93bb1cd5a631e4e40d1f5d295113190115c9878571,live,
MET-0118,2026-09-20,MRVL,,EPS consensus,유지,6.76085,6.76085,0%,Yahoo Finance non-GAAP,"Analysts: 41. Period end is the provider label, not independently inferred issuer year end. Observation is retrieval date; no historical revision inferred.",NASDAQ:MRVL,IDEA-0004,2026-09-20,2028-01-31,annual,consensus,per share,USD,non-GAAP,https://finance.yahoo.com/quote/MRVL/analysis/,6a38824c281bd08cd79b1eec0892c26bd1b82c72e3d740ed9f7c081016590ff6,live,
MET-0119,2026-09-20,CRDO,,Regular session price,유지,175.89,175.89,0%,Yahoo Finance chart,"{""market_time_utc"": ""2026-09-18T20:00:00+00:00"", ""session"": ""regular"", ""limitation"": ""Latest regular-session quote, not necessarily a closing auction price. Retrieval date is not trading date.""}",NASDAQ:CRDO,IDEA-0002,2026-09-20T14:00:00.413364+09:00,,,price,per share,USD,not-applicable,https://query1.finance.yahoo.com/v8/finance/chart/CRDO?range=5d&interval=1d,dd4657bd2005681ef6c1fc56a513f225f79e2b8b06bd4023f7c1ae2078c37d66,live,
MET-0120,2026-09-20,ALAB,,Regular session price,유지,303.25,303.25,0%,Yahoo Finance chart,"{""market_time_utc"": ""2026-09-18T20:00:02+00:00"", ""session"": ""regular"", ""limitation"": ""Latest regular-session quote, not necessarily a closing auction price. Retrieval date is not trading date.""}",NASDAQ:ALAB,IDEA-0003,2026-09-20T14:00:00.475353+09:00,,,price,per share,USD,not-applicable,https://query1.finance.yahoo.com/v8/finance/chart/ALAB?range=5d&interval=1d,959f73bfb5230e817a9e8396d942e9f4e247856c061b8cdc21ff727b5cf4c892,live,
MET-0121,2026-09-20,MRVL,,Regular session price,유지,244.25,244.25,0%,Yahoo Finance chart,"{""market_time_utc"": ""2026-09-18T20:00:01+00:00"", ""session"": ""regular"", ""limitation"": ""Latest regular-session quote, not necessarily a closing auction price. Retrieval date is not trading date.""}",NASDAQ:MRVL,IDEA-0004,2026-09-20T14:00:00.547010+09:00,,,price,per share,USD,not-applicable,https://query1.finance.yahoo.com/v8/finance/chart/MRVL?range=5d&interval=1d,4961d9d7b642105c343549042e68dc025ee070c7488655f9e014bd146502a8a0,live,
MET-0122,2026-09-21,CRDO,,EPS consensus,유지,6.30509,6.30509,0%,Yahoo Finance non-GAAP,"Analysts: 19. Period end is the provider label, not independently inferred issuer year end. Observation is retrieval date; no historical revision inferred.",NASDAQ:CRDO,IDEA-0002,2026-09-21,2027-04-30,annual,consensus,per share,USD,non-GAAP,https://finance.yahoo.com/quote/CRDO/analysis/,149ac7018b1a326e7d5b96ecc04ebcc1bd0147d204ab8d26f6206e911fac9088,live,
MET-0123,2026-09-21,CRDO,,EPS consensus,유지,9.70487,9.70487,0%,Yahoo Finance non-GAAP,"Analysts: 19. Period end is the provider label, not independently inferred issuer year end. Observation is retrieval date; no historical revision inferred.",NASDAQ:CRDO,IDEA-0002,2026-09-21,2028-04-30,annual,consensus,per share,USD,non-GAAP,https://finance.yahoo.com/quote/CRDO/analysis/,5839d364cb05cf9acfa0b2c155589dfc8c34fa156de50d3ec92d95366f34a9fa,live,
MET-0124,2026-09-21,ALAB,,EPS consensus,유지,4.0322,4.0322,0%,Yahoo Finance non-GAAP,"Analysts: 21. Period end is the provider label, not independently inferred issuer year end. Observation is retrieval date; no historical revision inferred.",NASDAQ:ALAB,IDEA-0003,2026-09-21,2026-12-31,annual,consensus,per share,USD,non-GAAP,https://finance.yahoo.com/quote/ALAB/analysis/,15f63eaa2649eab1821a2ba1c2ea3b8fea71c36deee07576f325175ed469a8f5,live,
MET-0125,2026-09-21,ALAB,,EPS consensus,유지,6.39348,6.39348,0%,Yahoo Finance non-GAAP,"Analysts: 23. Period end is the provider label, not independently inferred issuer year end. Observation is retrieval date; no historical revision inferred.",NASDAQ:ALAB,IDEA-0003,2026-09-21,2027-12-31,annual,consensus,per share,USD,non-GAAP,https://finance.yahoo.com/quote/ALAB/analysis/,bd7819a0fbcc977d3d00264ee7d51e3c259da15a63faed125c6c2122c038b90d,live,
MET-0126,2026-09-21,MRVL,,EPS consensus,유지,4.21287,4.21287,0%,Yahoo Finance non-GAAP,"Analysts: 39. Period end is the provider label, not independently inferred issuer year end. Observation is retrieval date; no historical revision inferred.",NASDAQ:MRVL,IDEA-0004,2026-09-21,2027-01-31,annual,consensus,per share,USD,non-GAAP,https://finance.yahoo.com/quote/MRVL/analysis/,1648c2afe3c17fdb253d1910a57e3e19e2f7bc95cb02e65b56abdbadfb2674c5,live,
MET-0127,2026-09-21,MRVL,,EPS consensus,유지,6.76085,6.76085,0%,Yahoo Finance non-GAAP,"Analysts: 41. Period end is the provider label, not independently inferred issuer year end. Observation is retrieval date; no historical revision inferred.",NASDAQ:MRVL,IDEA-0004,2026-09-21,2028-01-31,annual,consensus,per share,USD,non-GAAP,https://finance.yahoo.com/quote/MRVL/analysis/,266d0f91b556247b5ddf811d4bd4c21546cc611044e13f68d648b50469b6d88f,live,
MET-0128,2026-09-21,CRDO,,Regular session price,유지,175.89,175.89,0%,Yahoo Finance chart,"{""market_time_utc"": ""2026-09-18T20:00:00+00:00"", ""session"": ""regular"", ""limitation"": ""Latest regular-session quote, not necessarily a closing auction price. Retrieval date is not trading date.""}",NASDAQ:CRDO,IDEA-0002,2026-09-21T14:05:16.572361+09:00,,,price,per share,USD,not-applicable,https://query1.finance.yahoo.com/v8/finance/chart/CRDO?range=5d&interval=1d,17f715e1553a88efa59488bd726fa0b308b6fca355bba726363063450e21da55,live,
MET-0129,2026-09-21,ALAB,,Regular session price,유지,303.25,303.25,0%,Yahoo Finance chart,"{""market_time_utc"": ""2026-09-18T20:00:02+00:00"", ""session"": ""regular"", ""limitation"": ""Latest regular-session quote, not necessarily a closing auction price. Retrieval date is not trading date.""}",NASDAQ:ALAB,IDEA-0003,2026-09-21T14:05:16.669331+09:00,,,price,per share,USD,not-applicable,https://query1.finance.yahoo.com/v8/finance/chart/ALAB?range=5d&interval=1d,eba6d20af3482e9db18344f96a162732711469f88621167bbe7e5f33b0c1ad56,live,
MET-0130,2026-09-21,MRVL,,Regular session price,유지,244.25,244.25,0%,Yahoo Finance chart,"{""market_time_utc"": ""2026-09-18T20:00:01+00:00"", ""session"": ""regular"", ""limitation"": ""Latest regular-session quote, not necessarily a closing auction price. Retrieval date is not trading date.""}",NASDAQ:MRVL,IDEA-0004,2026-09-21T14:05:16.734114+09:00,,,price,per share,USD,not-applicable,https://query1.finance.yahoo.com/v8/finance/chart/MRVL?range=5d&interval=1d,8cfa64de9b6b3324b8946b5590d8ce6c1de1f3432bca8d607d18c979059912d1,live,
MET-0131,2026-09-22,CRDO,,EPS consensus,유지,6.30509,6.30509,0%,Yahoo Finance non-GAAP,"Analysts: 19. Period end is the provider label, not independently inferred issuer year end. Observation is retrieval date; no historical revision inferred.",NASDAQ:CRDO,IDEA-0002,2026-09-22,2027-04-30,annual,consensus,per share,USD,non-GAAP,https://finance.yahoo.com/quote/CRDO/analysis/,ed402860896f3411c6c7f5c1b9c079190b1c54b3fb516dcaad795b69ac7e8632,live,
MET-0132,2026-09-22,CRDO,,EPS consensus,유지,9.70487,9.70487,0%,Yahoo Finance non-GAAP,"Analysts: 19. Period end is the provider label, not independently inferred issuer year end. Observation is retrieval date; no historical revision inferred.",NASDAQ:CRDO,IDEA-0002,2026-09-22,2028-04-30,annual,consensus,per share,USD,non-GAAP,https://finance.yahoo.com/quote/CRDO/analysis/,c1cd36d11bdcd77e7835efdbe65201307aee66e9db36353e6ddbc98d8c5d1108,live,
MET-0133,2026-09-22,ALAB,,EPS consensus,유지,4.0322,4.0322,0%,Yahoo Finance non-GAAP,"Analysts: 21. Period end is the provider label, not independently inferred issuer year end. Observation is retrieval date; no historical revision inferred.",NASDAQ:ALAB,IDEA-0003,2026-09-22,2026-12-31,annual,consensus,per share,USD,non-GAAP,https://finance.yahoo.com/quote/ALAB/analysis/,b3be4caedfe5ce13fdff7e13d447d359fa0c69478f6ad9c8336ea6eaee79ff1f,live,
MET-0134,2026-09-22,ALAB,,EPS consensus,유지,6.39348,6.39348,0%,Yahoo Finance non-GAAP,"Analysts: 23. Period end is the provider label, not independently inferred issuer year end. Observation is retrieval date; no historical revision inferred.",NASDAQ:ALAB,IDEA-0003,2026-09-22,2027-12-31,annual,consensus,per share,USD,non-GAAP,https://finance.yahoo.com/quote/ALAB/analysis/,30e2294e0d3ec04824dabd43d546b53b44714657ea048eebe1850864cb98a7a4,live,
MET-0135,2026-09-22,MRVL,,EPS consensus,유지,4.21287,4.21287,0%,Yahoo Finance non-GAAP,"Analysts: 39. Period end is the provider label, not independently inferred issuer year end. Observation is retrieval date; no historical revision inferred.",NASDAQ:MRVL,IDEA-0004,2026-09-22,2027-01-31,annual,consensus,per share,USD,non-GAAP,https://finance.yahoo.com/quote/MRVL/analysis/,63af1d7b0c028d081b499127c0a98a24006f3a8e51815c6ce502a9aa52da0e25,live,
MET-0136,2026-09-22,MRVL,,EPS consensus,유지,6.76085,6.76085,0%,Yahoo Finance non-GAAP,"Analysts: 41. Period end is the provider label, not independently inferred issuer year end. Observation is retrieval date; no historical revision inferred.",NASDAQ:MRVL,IDEA-0004,2026-09-22,2028-01-31,annual,consensus,per share,USD,non-GAAP,https://finance.yahoo.com/quote/MRVL/analysis/,1913970f73387504297a924b61401779812e7bee60510e00312750a86f0c6cbe,live,
MET-0137,2026-09-22,CRDO,,Regular session price,상향,175.89,187.27,6.47%,Yahoo Finance chart,"{""market_time_utc"": ""2026-09-21T20:00:01+00:00"", ""session"": ""regular"", ""limitation"": ""Latest regular-session quote, not necessarily a closing auction price. Retrieval date is not trading date.""}",NASDAQ:CRDO,IDEA-0002,2026-09-22T14:07:40.792441+09:00,,,price,per share,USD,not-applicable,https://query1.finance.yahoo.com/v8/finance/chart/CRDO?range=5d&interval=1d,347fcc37d9fb8bcc797363b025f8363ba0c72f67030aea57e472d7c101050e9a,live,
MET-0138,2026-09-22,ALAB,,Regular session price,상향,303.25,340.74,12.36%,Yahoo Finance chart,"{""market_time_utc"": ""2026-09-21T20:00:01+00:00"", ""session"": ""regular"", ""limitation"": ""Latest regular-session quote, not necessarily a closing auction price. Retrieval date is not trading date.""}",NASDAQ:ALAB,IDEA-0003,2026-09-22T14:07:40.863386+09:00,,,price,per share,USD,not-applicable,https://query1.finance.yahoo.com/v8/finance/chart/ALAB?range=5d&interval=1d,713aa8f94b2c7392f0f79d1d86b0b9bada217d8f4ca904215e8932ed742a5eab,live,
MET-0139,2026-09-22,MRVL,,Regular session price,상향,244.25,257.38,5.376%,Yahoo Finance chart,"{""market_time_utc"": ""2026-09-21T20:00:01+00:00"", ""session"": ""regular"", ""limitation"": ""Latest regular-session quote, not necessarily a closing auction price. Retrieval date is not trading date.""}",NASDAQ:MRVL,IDEA-0004,2026-09-22T14:07:40.952236+09:00,,,price,per share,USD,not-applicable,https://query1.finance.yahoo.com/v8/finance/chart/MRVL?range=5d&interval=1d,c2e3b02224530b8f6792084b981dda48afbefffd9a875965b5c9bb39930942bb,live,
MET-0140,2026-09-23,CRDO,,EPS consensus,유지,6.30509,6.30509,0%,Yahoo Finance non-GAAP,"Analysts: 19. Period end is the provider label, not independently inferred issuer year end. Observation is retrieval date; no historical revision inferred.",NASDAQ:CRDO,IDEA-0002,2026-09-23,2027-04-30,annual,consensus,per share,USD,non-GAAP,https://finance.yahoo.com/quote/CRDO/analysis/,bec55bedd275e082e5079529234cf2cfdf86566ff740a98370783a84a8e7fa2c,live,
MET-0141,2026-09-23,CRDO,,EPS consensus,유지,9.70487,9.70487,0%,Yahoo Finance non-GAAP,"Analysts: 19. Period end is the provider label, not independently inferred issuer year end. Observation is retrieval date; no historical revision inferred.",NASDAQ:CRDO,IDEA-0002,2026-09-23,2028-04-30,annual,consensus,per share,USD,non-GAAP,https://finance.yahoo.com/quote/CRDO/analysis/,19f97e3a900925011eb439e2a4c04e34eb5e623fd39f9f3893e0f21ccefcf5e4,live,
MET-0142,2026-09-23,ALAB,,EPS consensus,유지,4.0322,4.0322,0%,Yahoo Finance non-GAAP,"Analysts: 21. Period end is the provider label, not independently inferred issuer year end. Observation is retrieval date; no historical revision inferred.",NASDAQ:ALAB,IDEA-0003,2026-09-23,2026-12-31,annual,consensus,per share,USD,non-GAAP,https://finance.yahoo.com/quote/ALAB/analysis/,3fc4aa61998e4f7a430882516ebb635b285b6eeb13a6873fe7e86a0b58b27735,live,
MET-0143,2026-09-23,ALAB,,EPS consensus,유지,6.39348,6.39348,0%,Yahoo Finance non-GAAP,"Analysts: 23. Period end is the provider label, not independently inferred issuer year end. Observation is retrieval date; no historical revision inferred.",NASDAQ:ALAB,IDEA-0003,2026-09-23,2027-12-31,annual,consensus,per share,USD,non-GAAP,https://finance.yahoo.com/quote/ALAB/analysis/,1df676d5d45c326e90f51fd6a9345a9535972a575060f95104843341bea89535,live,
MET-0144,2026-09-23,MRVL,,EPS consensus,유지,4.21287,4.21287,0%,Yahoo Finance non-GAAP,"Analysts: 39. Period end is the provider label, not independently inferred issuer year end. Observation is retrieval date; no historical revision inferred.",NASDAQ:MRVL,IDEA-0004,2026-09-23,2027-01-31,annual,consensus,per share,USD,non-GAAP,https://finance.yahoo.com/quote/MRVL/analysis/,5334e2ac5558aa3540e1c86d99b17c7d0f7fed4e761b8519433d2aebc06ae014,live,
MET-0145,2026-09-23,MRVL,,EPS consensus,유지,6.76085,6.76085,0%,Yahoo Finance non-GAAP,"Analysts: 41. Period end is the provider label, not independently inferred issuer year end. Observation is retrieval date; no historical revision inferred.",NASDAQ:MRVL,IDEA-0004,2026-09-23,2028-01-31,annual,consensus,per share,USD,non-GAAP,https://finance.yahoo.com/quote/MRVL/analysis/,90af19e03b07e97b628ecf8608ed1398641e03b6460c3a5324cba7135d529d1e,live,
MET-0146,2026-09-23,CRDO,,Regular session price,상향,187.27,192.56,2.825%,Yahoo Finance chart,"{""market_time_utc"": ""2026-09-22T20:00:01+00:00"", ""session"": ""regular"", ""limitation"": ""Latest regular-session quote, not necessarily a closing auction price. Retrieval date is not trading date.""}",NASDAQ:CRDO,IDEA-0002,2026-09-23T13:52:53.165553+09:00,,,price,per share,USD,not-applicable,https://query1.finance.yahoo.com/v8/finance/chart/CRDO?range=5d&interval=1d,46fac79993f6487143b4bf0b57f26e36f3d3ee77cc3225891c60c34cee88cc07,live,
MET-0147,2026-09-23,ALAB,,Regular session price,상향,340.74,363.46,6.668%,Yahoo Finance chart,"{""market_time_utc"": ""2026-09-22T20:00:01+00:00"", ""session"": ""regular"", ""limitation"": ""Latest regular-session quote, not necessarily a closing auction price. Retrieval date is not trading date.""}",NASDAQ:ALAB,IDEA-0003,2026-09-23T13:52:53.227142+09:00,,,price,per share,USD,not-applicable,https://query1.finance.yahoo.com/v8/finance/chart/ALAB?range=5d&interval=1d,32e6f9ce4fd9ba1f01fa747041fd38eae8a94dc82b928aba245af00ed3951630,live,
MET-0148,2026-09-23,MRVL,,Regular session price,상향,257.38,262.36,1.935%,Yahoo Finance chart,"{""market_time_utc"": ""2026-09-22T20:00:01+00:00"", ""session"": ""regular"", ""limitation"": ""Latest regular-session quote, not necessarily a closing auction price. Retrieval date is not trading date.""}",NASDAQ:MRVL,IDEA-0004,2026-09-23T13:52:53.374820+09:00,,,price,per share,USD,not-applicable,https://query1.finance.yahoo.com/v8/finance/chart/MRVL?range=5d&interval=1d,c6faedbed1fc3c8f575364907e4528145ae007da24a01e974a310f9723df1ffd,live,
MET-0149,2026-09-24,CRDO,,EPS consensus,유지,6.30509,6.30509,0%,Yahoo Finance non-GAAP,"Analysts: 19. Period end is the provider label, not independently inferred issuer year end. Observation is retrieval date; no historical revision inferred.",NASDAQ:CRDO,IDEA-0002,2026-09-24,2027-04-30,annual,consensus,per share,USD,non-GAAP,https://finance.yahoo.com/quote/CRDO/analysis/,2a05e7d60293274f4eef56cc07c1942f18c50ed0938b3574b74706dc77fbd730,live,
MET-0150,2026-09-24,CRDO,,EPS consensus,유지,9.70487,9.70487,0%,Yahoo Finance non-GAAP,"Analysts: 19. Period end is the provider label, not independently inferred issuer year end. Observation is retrieval date; no historical revision inferred.",NASDAQ:CRDO,IDEA-0002,2026-09-24,2028-04-30,annual,consensus,per share,USD,non-GAAP,https://finance.yahoo.com/quote/CRDO/analysis/,a7b48cbc6b5aaec83f74f9f66916cac6479f019b635e9039d30dffc27652216a,live,
MET-0151,2026-09-24,ALAB,,EPS consensus,유지,4.0322,4.0322,0%,Yahoo Finance non-GAAP,"Analysts: 21. Period end is the provider label, not independently inferred issuer year end. Observation is retrieval date; no historical revision inferred.",NASDAQ:ALAB,IDEA-0003,2026-09-24,2026-12-31,annual,consensus,per share,USD,non-GAAP,https://finance.yahoo.com/quote/ALAB/analysis/,fc8e7368bad517591a405d50028566eb586e421ef29d0f67a8f53905e312ef86,live,
MET-0152,2026-09-24,ALAB,,EPS consensus,유지,6.39348,6.39348,0%,Yahoo Finance non-GAAP,"Analysts: 23. Period end is the provider label, not independently inferred issuer year end. Observation is retrieval date; no historical revision inferred.",NASDAQ:ALAB,IDEA-0003,2026-09-24,2027-12-31,annual,consensus,per share,USD,non-GAAP,https://finance.yahoo.com/quote/ALAB/analysis/,9c466e87d239ef1e04470c5b2aa31b93d0b00bea12f5f8c695174d4f237613fa,live,
MET-0153,2026-09-24,MRVL,,EPS consensus,하향,4.21287,4.2113,-0.03727%,Yahoo Finance non-GAAP,"Analysts: 40. Period end is the provider label, not independently inferred issuer year end. Observation is retrieval date; no historical revision inferred.",NASDAQ:MRVL,IDEA-0004,2026-09-24,2027-01-31,annual,consensus,per share,USD,non-GAAP,https://finance.yahoo.com/quote/MRVL/analysis/,4e66b68df5e1def77ae9fcc492ce32dab59e149fdfbe9766cb6cfdba860fd476,live,
MET-0154,2026-09-24,MRVL,,EPS consensus,하향,6.76085,6.75725,-0.05325%,Yahoo Finance non-GAAP,"Analysts: 42. Period end is the provider label, not independently inferred issuer year end. Observation is retrieval date; no historical revision inferred.",NASDAQ:MRVL,IDEA-0004,2026-09-24,2028-01-31,annual,consensus,per share,USD,non-GAAP,https://finance.yahoo.com/quote/MRVL/analysis/,bcb0b053a3ff6b8b2e040798a9f590378d489de0e5da7d0de938b30504e02331,live,
MET-0155,2026-09-24,CRDO,,Regular session price,상향,192.56,193.87,0.6803%,Yahoo Finance chart,"{""market_time_utc"": ""2026-09-23T20:00:01+00:00"", ""session"": ""regular"", ""limitation"": ""Latest regular-session quote, not necessarily a closing auction price. Retrieval date is not trading date.""}",NASDAQ:CRDO,IDEA-0002,2026-09-24T14:02:45.654678+09:00,,,price,per share,USD,not-applicable,https://query1.finance.yahoo.com/v8/finance/chart/CRDO?range=5d&interval=1d,2938758d9fcfcb71dda42f9548b8548f221dd145c2499bb22a141d6788c436cc,live,
MET-0156,2026-09-24,ALAB,,Regular session price,하향,363.46,360.46,-0.8254%,Yahoo Finance chart,"{""market_time_utc"": ""2026-09-23T20:00:01+00:00"", ""session"": ""regular"", ""limitation"": ""Latest regular-session quote, not necessarily a closing auction price. Retrieval date is not trading date.""}",NASDAQ:ALAB,IDEA-0003,2026-09-24T14:02:45.728328+09:00,,,price,per share,USD,not-applicable,https://query1.finance.yahoo.com/v8/finance/chart/ALAB?range=5d&interval=1d,0810af15195ad54e59bec71cfb04132d01e324770354ebe5fdea2b6bdad9490e,live,
MET-0157,2026-09-24,MRVL,,Regular session price,하향,262.36,260.9,-0.5565%,Yahoo Finance chart,"{""market_time_utc"": ""2026-09-23T20:00:01+00:00"", ""session"": ""regular"", ""limitation"": ""Latest regular-session quote, not necessarily a closing auction price. Retrieval date is not trading date.""}",NASDAQ:MRVL,IDEA-0004,2026-09-24T14:02:45.810176+09:00,,,price,per share,USD,not-applicable,https://query1.finance.yahoo.com/v8/finance/chart/MRVL?range=5d&interval=1d,889c2c217813d623612c2340a47e1425d18f870da267ccee56dc8610c1c1b9e6,live,
MET-0158,2026-09-24,ALAB,,Quarterly EPS consensus,,,1.19161,,Yahoo Finance non-GAAP,분석가 20명. 9월 24일 실제 조회. Revenue는 EPS의 non-GAAP 회계기준을 전용하지 않음.,NASDAQ:ALAB,IDEA-0003,2026-09-24T23:45:34.552678+09:00,2026-09-30,quarterly,consensus,per share,USD,non-GAAP,https://finance.yahoo.com/quote/ALAB/analysis/,9e9c08099813aeaa4be285eb96341cf0d8fbdc113647e3975e79d66314d76a85,live,
MET-0159,2026-09-24,ALAB,,Quarterly revenue consensus,,,550.63635,,Yahoo Finance non-GAAP,분석가 18명. 9월 24일 실제 조회. Revenue는 EPS의 non-GAAP 회계기준을 전용하지 않음.,NASDAQ:ALAB,IDEA-0003,2026-09-24T23:45:34.552678+09:00,2026-09-30,quarterly,consensus,million,USD,not-applicable,https://finance.yahoo.com/quote/ALAB/analysis/,d2012d4d54a4ee54cce79fcfb74f2f9292bc006154ac565fd4bad70a8bf0d91a,live,
MET-0160,2026-09-24,CRDO,,Quarterly EPS consensus,,,1.28252,,Yahoo Finance non-GAAP,분석가 17명. 9월 24일 실제 조회. Revenue는 EPS의 non-GAAP 회계기준을 전용하지 않음.,NASDAQ:CRDO,IDEA-0002,2026-09-24T23:45:36.601379+09:00,2026-10-31,quarterly,consensus,per share,USD,non-GAAP,https://finance.yahoo.com/quote/CRDO/analysis/,6adc809803a55e85cc22b17124da614c17452d0fb0bf7a848c180a5f1c8716bf,live,
MET-0161,2026-09-24,CRDO,,Quarterly revenue consensus,,,531.75574,,Yahoo Finance non-GAAP,분석가 16명. 9월 24일 실제 조회. Revenue는 EPS의 non-GAAP 회계기준을 전용하지 않음.,NASDAQ:CRDO,IDEA-0002,2026-09-24T23:45:36.601379+09:00,2026-10-31,quarterly,consensus,million,USD,not-applicable,https://finance.yahoo.com/quote/CRDO/analysis/,386c054ed48501266db274a9c6f10a506d8024487b509f75d03853b0b9b7d5d3,live,
MET-0162,2026-09-24,MRVL,,Quarterly EPS consensus,,,1.09978,,Yahoo Finance non-GAAP,분석가 34명. 9월 24일 실제 조회. Revenue는 EPS의 non-GAAP 회계기준을 전용하지 않음.,NASDAQ:MRVL,IDEA-0004,2026-09-24T23:45:38.561354+09:00,2026-10-31,quarterly,consensus,per share,USD,non-GAAP,https://finance.yahoo.com/quote/MRVL/analysis/,e35def1ebeeeb17b7737ffb181e22f1f6f280f6d04a7e71db97c0fd24513ff19,live,
MET-0163,2026-09-24,MRVL,,Quarterly revenue consensus,,,3149.22325,,Yahoo Finance non-GAAP,분석가 33명. 9월 24일 실제 조회. Revenue는 EPS의 non-GAAP 회계기준을 전용하지 않음.,NASDAQ:MRVL,IDEA-0004,2026-09-24T23:45:38.561354+09:00,2026-10-31,quarterly,consensus,million,USD,not-applicable,https://finance.yahoo.com/quote/MRVL/analysis/,33660c40247ea641c8efe2cba4f0325425057c00f20ad385164ef2e7449b6fcf,live,
MET-0164,2026-09-24,CRDO,,Regular session price,하향,193.87,190.26,-1.862%,Yahoo Finance chart,"{""market_time_utc"": ""2026-09-24T14:51:56+00:00"", ""session"": ""regular"", ""limitation"": ""Latest regular-session quote, not necessarily a closing auction price. Retrieval date is not trading date.""}",NASDAQ:CRDO,IDEA-0002,2026-09-24T23:51:58.696868+09:00,,,price,per share,USD,not-applicable,https://query1.finance.yahoo.com/v8/finance/chart/CRDO?range=5d&interval=1d,2511d9692c230147e187ec6df98cada18a84f16189c2d53334e5d75cad26109e,live,
MET-0165,2026-09-24,ALAB,,Regular session price,하향,360.46,352.73,-2.144%,Yahoo Finance chart,"{""market_time_utc"": ""2026-09-24T14:51:04+00:00"", ""session"": ""regular"", ""limitation"": ""Latest regular-session quote, not necessarily a closing auction price. Retrieval date is not trading date.""}",NASDAQ:ALAB,IDEA-0003,2026-09-24T23:51:58.850927+09:00,,,price,per share,USD,not-applicable,https://query1.finance.yahoo.com/v8/finance/chart/ALAB?range=5d&interval=1d,e8305f791c6508e1ebebd7aeea918aa4878ad228b1ee3f6116cee565c2ac20fd,live,
MET-0166,2026-09-24,MRVL,,Regular session price,하향,260.9,254.47,-2.465%,Yahoo Finance chart,"{""market_time_utc"": ""2026-09-24T14:51:57+00:00"", ""session"": ""regular"", ""limitation"": ""Latest regular-session quote, not necessarily a closing auction price. Retrieval date is not trading date.""}",NASDAQ:MRVL,IDEA-0004,2026-09-24T23:51:59.002260+09:00,,,price,per share,USD,not-applicable,https://query1.finance.yahoo.com/v8/finance/chart/MRVL?range=5d&interval=1d,00623a5770db8fc1acfde26e9ef84cea4d8d071ea84af2e0e27dc4e7426bce49,live,
MET-0167,2026-09-25,CRDO,,EPS consensus,유지,6.30509,6.30509,0%,Yahoo Finance non-GAAP,"Analysts: 19. Period end is the provider label, not independently inferred issuer year end. Observation is retrieval date; no historical revision inferred.",NASDAQ:CRDO,IDEA-0002,2026-09-25,2027-04-30,annual,consensus,per share,USD,non-GAAP,https://finance.yahoo.com/quote/CRDO/analysis/,9bf28786fc0385702753d3b46bbcfd87d80091d19d4d67aa6d5a8af55165a7e0,live,
MET-0168,2026-09-25,CRDO,,EPS consensus,유지,9.70487,9.70487,0%,Yahoo Finance non-GAAP,"Analysts: 19. Period end is the provider label, not independently inferred issuer year end. Observation is retrieval date; no historical revision inferred.",NASDAQ:CRDO,IDEA-0002,2026-09-25,2028-04-30,annual,consensus,per share,USD,non-GAAP,https://finance.yahoo.com/quote/CRDO/analysis/,d7227e0e5ca769e6996d6354e22b218428d1ab3274c22c95e1860b5d8aae9321,live,
MET-0169,2026-09-25,ALAB,,EPS consensus,유지,4.0322,4.0322,0%,Yahoo Finance non-GAAP,"Analysts: 21. Period end is the provider label, not independently inferred issuer year end. Observation is retrieval date; no historical revision inferred.",NASDAQ:ALAB,IDEA-0003,2026-09-25,2026-12-31,annual,consensus,per share,USD,non-GAAP,https://finance.yahoo.com/quote/ALAB/analysis/,ea8914a4977535db5088407ad7c64cf0d5a668b67d178e22a782d348df5d896a,live,
MET-0170,2026-09-25,ALAB,,EPS consensus,유지,6.39348,6.39348,0%,Yahoo Finance non-GAAP,"Analysts: 23. Period end is the provider label, not independently inferred issuer year end. Observation is retrieval date; no historical revision inferred.",NASDAQ:ALAB,IDEA-0003,2026-09-25,2027-12-31,annual,consensus,per share,USD,non-GAAP,https://finance.yahoo.com/quote/ALAB/analysis/,45884aaeca404e5450b441d2958694bd57076c06f19e570455e75111eff439f9,live,
MET-0171,2026-09-25,MRVL,,EPS consensus,유지,4.2113,4.2113,0%,Yahoo Finance non-GAAP,"Analysts: 40. Period end is the provider label, not independently inferred issuer year end. Observation is retrieval date; no historical revision inferred.",NASDAQ:MRVL,IDEA-0004,2026-09-25,2027-01-31,annual,consensus,per share,USD,non-GAAP,https://finance.yahoo.com/quote/MRVL/analysis/,dc2980116a0e8210938114f7f9d58930e31a31d1db920e93e26d36fc6e6b8581,live,
MET-0172,2026-09-25,MRVL,,EPS consensus,유지,6.75725,6.75725,0%,Yahoo Finance non-GAAP,"Analysts: 42. Period end is the provider label, not independently inferred issuer year end. Observation is retrieval date; no historical revision inferred.",NASDAQ:MRVL,IDEA-0004,2026-09-25,2028-01-31,annual,consensus,per share,USD,non-GAAP,https://finance.yahoo.com/quote/MRVL/analysis/,06b4701c46cc1fd382bd17f2248215f75641777e0f9ebdd601bdb59e91cb817d,live,
MET-0173,2026-09-25,CRDO,,Quarterly EPS consensus,유지,1.28252,1.28252,0%,Yahoo Finance non-GAAP,Analysts: 17. Provider period label; actual retrieval timestamp. Revenue is not labeled non-GAAP. Historical revision fields are not imported.,NASDAQ:CRDO,IDEA-0002,2026-09-25T00:11:17+09:00,2026-10-31,quarterly,consensus,per share,USD,non-GAAP,https://finance.yahoo.com/quote/CRDO/analysis/,012865934f23e908061ae967bea043cdd02a17c3361a2939f8f8996a07ebe178,live,
MET-0174,2026-09-25,CRDO,,Quarterly revenue consensus,유지,531.75574,531.75574,0%,Yahoo Finance non-GAAP,Analysts: 16. Provider period label; actual retrieval timestamp. Revenue is not labeled non-GAAP. Historical revision fields are not imported.,NASDAQ:CRDO,IDEA-0002,2026-09-25T00:11:17+09:00,2026-10-31,quarterly,consensus,million,USD,not-applicable,https://finance.yahoo.com/quote/CRDO/analysis/,ece4560c477d93152ea0aec6c17756d081beb969c9bf16e2d8af9d24a7ae58b9,live,
MET-0175,2026-09-25,CRDO,,Quarterly EPS consensus,,,1.59273,,Yahoo Finance non-GAAP,Analysts: 16. Provider period label; actual retrieval timestamp. Revenue is not labeled non-GAAP. Historical revision fields are not imported.,NASDAQ:CRDO,IDEA-0002,2026-09-25T00:11:17+09:00,2027-01-31,quarterly,consensus,per share,USD,non-GAAP,https://finance.yahoo.com/quote/CRDO/analysis/,90ff6de61cc848af421dff4c01c1974a5d9568c50fecdc0737cd8bf2975a4c4f,live,
MET-0176,2026-09-25,CRDO,,Quarterly revenue consensus,,,638.75488,,Yahoo Finance non-GAAP,Analysts: 15. Provider period label; actual retrieval timestamp. Revenue is not labeled non-GAAP. Historical revision fields are not imported.,NASDAQ:CRDO,IDEA-0002,2026-09-25T00:11:17+09:00,2027-01-31,quarterly,consensus,million,USD,not-applicable,https://finance.yahoo.com/quote/CRDO/analysis/,b538307d55c350ebc0676f0b5becf24907b63fba38ca80d35e4175f095ea0890,live,
MET-0177,2026-09-25,ALAB,,Quarterly EPS consensus,유지,1.19161,1.19161,0%,Yahoo Finance non-GAAP,Analysts: 20. Provider period label; actual retrieval timestamp. Revenue is not labeled non-GAAP. Historical revision fields are not imported.,NASDAQ:ALAB,IDEA-0003,2026-09-25T00:11:17+09:00,2026-09-30,quarterly,consensus,per share,USD,non-GAAP,https://finance.yahoo.com/quote/ALAB/analysis/,8c908b284a650a4f1c1125e815fb4b63c7f454c76596cbe20f12712a7d418b01,live,
MET-0178,2026-09-25,ALAB,,Quarterly revenue consensus,유지,550.63635,550.63635,0%,Yahoo Finance non-GAAP,Analysts: 18. Provider period label; actual retrieval timestamp. Revenue is not labeled non-GAAP. Historical revision fields are not imported.,NASDAQ:ALAB,IDEA-0003,2026-09-25T00:11:17+09:00,2026-09-30,quarterly,consensus,million,USD,not-applicable,https://finance.yahoo.com/quote/ALAB/analysis/,8d13d619640839862776e97f2870ba6568d83425e6dcb3284a45bb8b9ab6041d,live,
MET-0179,2026-09-25,ALAB,,Quarterly EPS consensus,,,1.41847,,Yahoo Finance non-GAAP,Analysts: 20. Provider period label; actual retrieval timestamp. Revenue is not labeled non-GAAP. Historical revision fields are not imported.,NASDAQ:ALAB,IDEA-0003,2026-09-25T00:11:17+09:00,2026-12-31,quarterly,consensus,per share,USD,non-GAAP,https://finance.yahoo.com/quote/ALAB/analysis/,224f7e50985c6c34d3661a3fa626584cb53b9a3a59b96e2209980568ffa7cc98,live,
MET-0180,2026-09-25,ALAB,,Quarterly revenue consensus,,,655.30752,,Yahoo Finance non-GAAP,Analysts: 18. Provider period label; actual retrieval timestamp. Revenue is not labeled non-GAAP. Historical revision fields are not imported.,NASDAQ:ALAB,IDEA-0003,2026-09-25T00:11:17+09:00,2026-12-31,quarterly,consensus,million,USD,not-applicable,https://finance.yahoo.com/quote/ALAB/analysis/,3be55844d5b95d3255c316c698299941a03b12053103520db559225635631cb4,live,
MET-0181,2026-09-25,MRVL,,Quarterly EPS consensus,유지,1.09978,1.09978,0%,Yahoo Finance non-GAAP,Analysts: 34. Provider period label; actual retrieval timestamp. Revenue is not labeled non-GAAP. Historical revision fields are not imported.,NASDAQ:MRVL,IDEA-0004,2026-09-25T00:11:18+09:00,2026-10-31,quarterly,consensus,per share,USD,non-GAAP,https://finance.yahoo.com/quote/MRVL/analysis/,9761c0d7539d3cbed5ace114a660af02c9786727f60cb49cbff168ff8e28e58c,live,
MET-0182,2026-09-25,MRVL,,Quarterly revenue consensus,유지,3149.22325,3149.22325,0%,Yahoo Finance non-GAAP,Analysts: 33. Provider period label; actual retrieval timestamp. Revenue is not labeled non-GAAP. Historical revision fields are not imported.,NASDAQ:MRVL,IDEA-0004,2026-09-25T00:11:18+09:00,2026-10-31,quarterly,consensus,million,USD,not-applicable,https://finance.yahoo.com/quote/MRVL/analysis/,963560a38a10e11b4c6b733e552ecdddf65b8e999e67aacefac4b7c5f5e883b4,live,
MET-0183,2026-09-25,MRVL,,Quarterly EPS consensus,,,1.35573,,Yahoo Finance non-GAAP,Analysts: 33. Provider period label; actual retrieval timestamp. Revenue is not labeled non-GAAP. Historical revision fields are not imported.,NASDAQ:MRVL,IDEA-0004,2026-09-25T00:11:18+09:00,2027-01-31,quarterly,consensus,per share,USD,non-GAAP,https://finance.yahoo.com/quote/MRVL/analysis/,64d562dd8c48e165bccb7c9fc5badc86b81245bfdf3363513e95e7f05f855370,live,
MET-0184,2026-09-25,MRVL,,Quarterly revenue consensus,,,3720.50093,,Yahoo Finance non-GAAP,Analysts: 32. Provider period label; actual retrieval timestamp. Revenue is not labeled non-GAAP. Historical revision fields are not imported.,NASDAQ:MRVL,IDEA-0004,2026-09-25T00:11:18+09:00,2027-01-31,quarterly,consensus,million,USD,not-applicable,https://finance.yahoo.com/quote/MRVL/analysis/,17f75f3b127041f8e80782dde9f221a84ceb7b9e17387a7ffb2b7fd79eb7b3ec,live,
MET-0185,2026-09-25,CRDO,,Regular session price,하향,190.26,189.64,-0.3259%,Yahoo Finance chart,"{""market_time_utc"": ""2026-09-24T15:11:11+00:00"", ""session"": ""regular"", ""limitation"": ""Latest regular-session quote, not necessarily a closing auction price. Retrieval date is not trading date.""}",NASDAQ:CRDO,IDEA-0002,2026-09-25T00:11:18.481647+09:00,,,price,per share,USD,not-applicable,https://query1.finance.yahoo.com/v8/finance/chart/CRDO?range=5d&interval=1d,2b3a878194a88bb775491e5ab54eed5db3ef2d99475307528a12d0a558c62187,live,
MET-0186,2026-09-25,ALAB,,Regular session price,하향,352.73,352.08,-0.1843%,Yahoo Finance chart,"{""market_time_utc"": ""2026-09-24T15:10:56+00:00"", ""session"": ""regular"", ""limitation"": ""Latest regular-session quote, not necessarily a closing auction price. Retrieval date is not trading date.""}",NASDAQ:ALAB,IDEA-0003,2026-09-25T00:11:18.559586+09:00,,,price,per share,USD,not-applicable,https://query1.finance.yahoo.com/v8/finance/chart/ALAB?range=5d&interval=1d,566bd1c75504474a4c054f83a62a5dc6053c1a078340eeee7ebb2d27bab63b35,live,
MET-0187,2026-09-25,MRVL,,Regular session price,하향,254.47,254.31,-0.06288%,Yahoo Finance chart,"{""market_time_utc"": ""2026-09-24T15:11:16+00:00"", ""session"": ""regular"", ""limitation"": ""Latest regular-session quote, not necessarily a closing auction price. Retrieval date is not trading date.""}",NASDAQ:MRVL,IDEA-0004,2026-09-25T00:11:18.707660+09:00,,,price,per share,USD,not-applicable,https://query1.finance.yahoo.com/v8/finance/chart/MRVL?range=5d&interval=1d,67a5e7f763d47070f0a8c2c9d7df30c0ffca3ca0fb936ad15985b442dbe2fc0c,live,
MET-0188,2026-09-25,CRDO,,Quarterly EPS consensus,유지,1.28252,1.28252,0%,Yahoo Finance non-GAAP,Analysts: 17. Provider period label; actual retrieval timestamp. Revenue is not labeled non-GAAP. Historical revision fields are not imported.,NASDAQ:CRDO,IDEA-0002,2026-09-25T01:41:11+09:00,2026-10-31,quarterly,consensus,per share,USD,non-GAAP,https://finance.yahoo.com/quote/CRDO/analysis/,7a38670a8c22587023b83077bfa2aa9bd1bdc3f3f0d84cc70c8303787c7c6fd9,live,
MET-0189,2026-09-25,CRDO,,Quarterly revenue consensus,유지,531.75574,531.75574,0%,Yahoo Finance non-GAAP,Analysts: 16. Provider period label; actual retrieval timestamp. Revenue is not labeled non-GAAP. Historical revision fields are not imported.,NASDAQ:CRDO,IDEA-0002,2026-09-25T01:41:11+09:00,2026-10-31,quarterly,consensus,million,USD,not-applicable,https://finance.yahoo.com/quote/CRDO/analysis/,d374ecc40dc23e1e7f18f74f5807599d4e45c2c617d1f8949d45a69b5428c215,live,
MET-0190,2026-09-25,CRDO,,Quarterly EPS consensus,유지,1.59273,1.59273,0%,Yahoo Finance non-GAAP,Analysts: 16. Provider period label; actual retrieval timestamp. Revenue is not labeled non-GAAP. Historical revision fields are not imported.,NASDAQ:CRDO,IDEA-0002,2026-09-25T01:41:11+09:00,2027-01-31,quarterly,consensus,per share,USD,non-GAAP,https://finance.yahoo.com/quote/CRDO/analysis/,279aaef4738a79b5f8bc3d1eb3a290b8844a69b43863eb4b5baeb0ff90e13843,live,
MET-0191,2026-09-25,CRDO,,Quarterly revenue consensus,유지,638.75488,638.75488,0%,Yahoo Finance non-GAAP,Analysts: 15. Provider period label; actual retrieval timestamp. Revenue is not labeled non-GAAP. Historical revision fields are not imported.,NASDAQ:CRDO,IDEA-0002,2026-09-25T01:41:11+09:00,2027-01-31,quarterly,consensus,million,USD,not-applicable,https://finance.yahoo.com/quote/CRDO/analysis/,a9906c60adad7750356048b115bbb371de13cf4bcf4d500fbd292da70558b962,live,
MET-0192,2026-09-25,ALAB,,Quarterly EPS consensus,유지,1.19161,1.19161,0%,Yahoo Finance non-GAAP,Analysts: 20. Provider period label; actual retrieval timestamp. Revenue is not labeled non-GAAP. Historical revision fields are not imported.,NASDAQ:ALAB,IDEA-0003,2026-09-25T01:41:12+09:00,2026-09-30,quarterly,consensus,per share,USD,non-GAAP,https://finance.yahoo.com/quote/ALAB/analysis/,ca1ec423b8aafa1bee107fcec27e867448e594fa80a2bcbd34ee586ce173a0a9,live,
MET-0193,2026-09-25,ALAB,,Quarterly revenue consensus,유지,550.63635,550.63635,0%,Yahoo Finance non-GAAP,Analysts: 18. Provider period label; actual retrieval timestamp. Revenue is not labeled non-GAAP. Historical revision fields are not imported.,NASDAQ:ALAB,IDEA-0003,2026-09-25T01:41:12+09:00,2026-09-30,quarterly,consensus,million,USD,not-applicable,https://finance.yahoo.com/quote/ALAB/analysis/,8625f9d13600a517491d71c0dc4986ca73e212c73524a74cd24461aa04927498,live,
MET-0194,2026-09-25,ALAB,,Quarterly EPS consensus,유지,1.41847,1.41847,0%,Yahoo Finance non-GAAP,Analysts: 20. Provider period label; actual retrieval timestamp. Revenue is not labeled non-GAAP. Historical revision fields are not imported.,NASDAQ:ALAB,IDEA-0003,2026-09-25T01:41:12+09:00,2026-12-31,quarterly,consensus,per share,USD,non-GAAP,https://finance.yahoo.com/quote/ALAB/analysis/,fee67dc9feca58a5313445a88820dcf8854537fa8752a0f4b59438c2abced04a,live,
MET-0195,2026-09-25,ALAB,,Quarterly revenue consensus,유지,655.30752,655.30752,0%,Yahoo Finance non-GAAP,Analysts: 18. Provider period label; actual retrieval timestamp. Revenue is not labeled non-GAAP. Historical revision fields are not imported.,NASDAQ:ALAB,IDEA-0003,2026-09-25T01:41:12+09:00,2026-12-31,quarterly,consensus,million,USD,not-applicable,https://finance.yahoo.com/quote/ALAB/analysis/,9e24b5fb81927ac1adbd3313dfc681e55f1d1b3863773e88f188ecbc7889bd51,live,
MET-0196,2026-09-25,MRVL,,Quarterly EPS consensus,유지,1.09978,1.09978,0%,Yahoo Finance non-GAAP,Analysts: 34. Provider period label; actual retrieval timestamp. Revenue is not labeled non-GAAP. Historical revision fields are not imported.,NASDAQ:MRVL,IDEA-0004,2026-09-25T01:41:13+09:00,2026-10-31,quarterly,consensus,per share,USD,non-GAAP,https://finance.yahoo.com/quote/MRVL/analysis/,b749330487ec2965bfbe64629105186e62a6b864b1f247aa89ec54d684805d8e,live,
MET-0197,2026-09-25,MRVL,,Quarterly revenue consensus,유지,3149.22325,3149.22325,0%,Yahoo Finance non-GAAP,Analysts: 33. Provider period label; actual retrieval timestamp. Revenue is not labeled non-GAAP. Historical revision fields are not imported.,NASDAQ:MRVL,IDEA-0004,2026-09-25T01:41:13+09:00,2026-10-31,quarterly,consensus,million,USD,not-applicable,https://finance.yahoo.com/quote/MRVL/analysis/,d393858cf8c72584945fc1c807fdf4f017b14034b9bc3a2b90da9241072e7f17,live,
MET-0198,2026-09-25,MRVL,,Quarterly EPS consensus,유지,1.35573,1.35573,0%,Yahoo Finance non-GAAP,Analysts: 33. Provider period label; actual retrieval timestamp. Revenue is not labeled non-GAAP. Historical revision fields are not imported.,NASDAQ:MRVL,IDEA-0004,2026-09-25T01:41:13+09:00,2027-01-31,quarterly,consensus,per share,USD,non-GAAP,https://finance.yahoo.com/quote/MRVL/analysis/,eee5a1dc7157f6b40de9bd8ad3181c0c49ec6c11d3fa345f0e02aeb2a1f647b4,live,
MET-0199,2026-09-25,MRVL,,Quarterly revenue consensus,유지,3720.50093,3720.50093,0%,Yahoo Finance non-GAAP,Analysts: 32. Provider period label; actual retrieval timestamp. Revenue is not labeled non-GAAP. Historical revision fields are not imported.,NASDAQ:MRVL,IDEA-0004,2026-09-25T01:41:13+09:00,2027-01-31,quarterly,consensus,million,USD,not-applicable,https://finance.yahoo.com/quote/MRVL/analysis/,eaf103c8f6d7e4b05ba24052bfa5c67231993527257f3320a84b87c3908ba8f2,live,
MET-0200,2026-09-25,CRDO,,Regular session price,상향,189.64,194.32,2.468%,Yahoo Finance chart,"{""market_time_utc"": ""2026-09-24T16:41:13+00:00"", ""session"": ""regular"", ""limitation"": ""Latest regular-session quote, not necessarily a closing auction price. Retrieval date is not trading date.""}",NASDAQ:CRDO,IDEA-0002,2026-09-25T01:41:14.162028+09:00,,,price,per share,USD,not-applicable,https://query1.finance.yahoo.com/v8/finance/chart/CRDO?range=5d&interval=1d,1448f8ff616c5645a3a2a52f727cc4989c9981f5709102b9141db679debad9fc,live,
MET-0201,2026-09-25,ALAB,,Regular session price,상향,352.08,362.71,3.019%,Yahoo Finance chart,"{""market_time_utc"": ""2026-09-24T16:41:11+00:00"", ""session"": ""regular"", ""limitation"": ""Latest regular-session quote, not necessarily a closing auction price. Retrieval date is not trading date.""}",NASDAQ:ALAB,IDEA-0003,2026-09-25T01:41:14.299936+09:00,,,price,per share,USD,not-applicable,https://query1.finance.yahoo.com/v8/finance/chart/ALAB?range=5d&interval=1d,0b655ec1d2ec9b41586f7d60e769492436ed70f1b3ffaa9cb82d07304a8660f2,live,
MET-0202,2026-09-25,MRVL,,Regular session price,상향,254.31,260.35,2.375%,Yahoo Finance chart,"{""market_time_utc"": ""2026-09-24T16:41:11+00:00"", ""session"": ""regular"", ""limitation"": ""Latest regular-session quote, not necessarily a closing auction price. Retrieval date is not trading date.""}",NASDAQ:MRVL,IDEA-0004,2026-09-25T01:41:14.443365+09:00,,,price,per share,USD,not-applicable,https://query1.finance.yahoo.com/v8/finance/chart/MRVL?range=5d&interval=1d,c006d88acf34c7ebcdaebfe01d8b0f460a7769faec75e08bc649372d12ac5cf7,live,
MET-0203,2026-09-25,CRDO,,Quarterly EPS consensus,유지,1.28252,1.28252,0%,Yahoo Finance non-GAAP,Analysts: 17. Provider period label; actual retrieval timestamp. Revenue is not labeled non-GAAP. Historical revision fields are not imported.,NASDAQ:CRDO,IDEA-0002,2026-09-25T01:43:00+09:00,2026-10-31,quarterly,consensus,per share,USD,non-GAAP,https://finance.yahoo.com/quote/CRDO/analysis/,a78bd0f75a54a3ec913c7762b9ce439884e994813fd624b4a61f8c6483354646,live,
MET-0204,2026-09-25,CRDO,,Quarterly revenue consensus,유지,531.75574,531.75574,0%,Yahoo Finance non-GAAP,Analysts: 16. Provider period label; actual retrieval timestamp. Revenue is not labeled non-GAAP. Historical revision fields are not imported.,NASDAQ:CRDO,IDEA-0002,2026-09-25T01:43:00+09:00,2026-10-31,quarterly,consensus,million,USD,not-applicable,https://finance.yahoo.com/quote/CRDO/analysis/,78f9435bc91f949bb2c8dd0ea60d55782f2549e734cdc000f1da7ff5c4d43ee5,live,
MET-0205,2026-09-25,CRDO,,Quarterly EPS consensus,유지,1.59273,1.59273,0%,Yahoo Finance non-GAAP,Analysts: 16. Provider period label; actual retrieval timestamp. Revenue is not labeled non-GAAP. Historical revision fields are not imported.,NASDAQ:CRDO,IDEA-0002,2026-09-25T01:43:00+09:00,2027-01-31,quarterly,consensus,per share,USD,non-GAAP,https://finance.yahoo.com/quote/CRDO/analysis/,3d6a7bb640aae3e6630f1c322823c1c05d961f885556a48a2c147d7aef9b54b9,live,
MET-0206,2026-09-25,CRDO,,Quarterly revenue consensus,유지,638.75488,638.75488,0%,Yahoo Finance non-GAAP,Analysts: 15. Provider period label; actual retrieval timestamp. Revenue is not labeled non-GAAP. Historical revision fields are not imported.,NASDAQ:CRDO,IDEA-0002,2026-09-25T01:43:00+09:00,2027-01-31,quarterly,consensus,million,USD,not-applicable,https://finance.yahoo.com/quote/CRDO/analysis/,5053eda76260b2ae49d6bc03d9af6d3a1f0dc5f3bccd2018c7f45840d4a63784,live,
MET-0207,2026-09-25,ALAB,,Quarterly EPS consensus,유지,1.19161,1.19161,0%,Yahoo Finance non-GAAP,Analysts: 20. Provider period label; actual retrieval timestamp. Revenue is not labeled non-GAAP. Historical revision fields are not imported.,NASDAQ:ALAB,IDEA-0003,2026-09-25T01:43:02+09:00,2026-09-30,quarterly,consensus,per share,USD,non-GAAP,https://finance.yahoo.com/quote/ALAB/analysis/,b191cf19a2835ec9b563c5acfe33d37f49589ecb1296462288bf6b3367e9e561,live,
MET-0208,2026-09-25,ALAB,,Quarterly revenue consensus,유지,550.63635,550.63635,0%,Yahoo Finance non-GAAP,Analysts: 18. Provider period label; actual retrieval timestamp. Revenue is not labeled non-GAAP. Historical revision fields are not imported.,NASDAQ:ALAB,IDEA-0003,2026-09-25T01:43:02+09:00,2026-09-30,quarterly,consensus,million,USD,not-applicable,https://finance.yahoo.com/quote/ALAB/analysis/,2351abfd0ed3c8679525036e3562bbd6e9a9fd6ce5ded92898c96d29f53aedc8,live,
MET-0209,2026-09-25,ALAB,,Quarterly EPS consensus,유지,1.41847,1.41847,0%,Yahoo Finance non-GAAP,Analysts: 20. Provider period label; actual retrieval timestamp. Revenue is not labeled non-GAAP. Historical revision fields are not imported.,NASDAQ:ALAB,IDEA-0003,2026-09-25T01:43:02+09:00,2026-12-31,quarterly,consensus,per share,USD,non-GAAP,https://finance.yahoo.com/quote/ALAB/analysis/,9287f37b77d48cf95497038074d64a2e5e13889b533e62541d7419cdd68800ab,live,
MET-0210,2026-09-25,ALAB,,Quarterly revenue consensus,유지,655.30752,655.30752,0%,Yahoo Finance non-GAAP,Analysts: 18. Provider period label; actual retrieval timestamp. Revenue is not labeled non-GAAP. Historical revision fields are not imported.,NASDAQ:ALAB,IDEA-0003,2026-09-25T01:43:02+09:00,2026-12-31,quarterly,consensus,million,USD,not-applicable,https://finance.yahoo.com/quote/ALAB/analysis/,80ff8ab83fa45f8454ea7afe613b8170b94c56942a0f64a71f140507978b2b0c,live,
MET-0211,2026-09-25,MRVL,,Quarterly EPS consensus,유지,1.09978,1.09978,0%,Yahoo Finance non-GAAP,Analysts: 34. Provider period label; actual retrieval timestamp. Revenue is not labeled non-GAAP. Historical revision fields are not imported.,NASDAQ:MRVL,IDEA-0004,2026-09-25T01:43:02+09:00,2026-10-31,quarterly,consensus,per share,USD,non-GAAP,https://finance.yahoo.com/quote/MRVL/analysis/,98dc5b5d695e4614e32d72f76c062565313804158eca3b8b663655e25a93eb25,live,
MET-0212,2026-09-25,MRVL,,Quarterly revenue consensus,유지,3149.22325,3149.22325,0%,Yahoo Finance non-GAAP,Analysts: 33. Provider period label; actual retrieval timestamp. Revenue is not labeled non-GAAP. Historical revision fields are not imported.,NASDAQ:MRVL,IDEA-0004,2026-09-25T01:43:02+09:00,2026-10-31,quarterly,consensus,million,USD,not-applicable,https://finance.yahoo.com/quote/MRVL/analysis/,92ee04bb20fa3b6c24ab574267d7240b36768c8ca1b1cc94626affe37abdfa49,live,
MET-0213,2026-09-25,MRVL,,Quarterly EPS consensus,유지,1.35573,1.35573,0%,Yahoo Finance non-GAAP,Analysts: 33. Provider period label; actual retrieval timestamp. Revenue is not labeled non-GAAP. Historical revision fields are not imported.,NASDAQ:MRVL,IDEA-0004,2026-09-25T01:43:02+09:00,2027-01-31,quarterly,consensus,per share,USD,non-GAAP,https://finance.yahoo.com/quote/MRVL/analysis/,9d10ac30654e7b3955dee96d6d581f8cd01e0b4a4a40449cf33bc9237063a556,live,
MET-0214,2026-09-25,MRVL,,Quarterly revenue consensus,유지,3720.50093,3720.50093,0%,Yahoo Finance non-GAAP,Analysts: 32. Provider period label; actual retrieval timestamp. Revenue is not labeled non-GAAP. Historical revision fields are not imported.,NASDAQ:MRVL,IDEA-0004,2026-09-25T01:43:02+09:00,2027-01-31,quarterly,consensus,million,USD,not-applicable,https://finance.yahoo.com/quote/MRVL/analysis/,b82e13ce15b826104d225d1ef0ac12c71cd1b84b378c76927b26574fecf06ffa,live,
MET-0215,2026-09-25,CRDO,,Regular session price,하향,194.32,194.28,-0.02058%,Yahoo Finance chart,"{""market_time_utc"": ""2026-09-24T16:44:43+00:00"", ""session"": ""regular"", ""limitation"": ""Latest regular-session quote, not necessarily a closing auction price. Retrieval date is not trading date.""}",NASDAQ:CRDO,IDEA-0002,2026-09-25T01:44:44.591620+09:00,,,price,per share,USD,not-applicable,https://query1.finance.yahoo.com/v8/finance/chart/CRDO?range=5d&interval=1d,55d9bc4ccc866e0bda390163f36cb4379f8811d6a309587497988859725ed54d,live,
MET-0216,2026-09-25,ALAB,,Regular session price,상향,362.71,362.86,0.04136%,Yahoo Finance chart,"{""market_time_utc"": ""2026-09-24T16:44:42+00:00"", ""session"": ""regular"", ""limitation"": ""Latest regular-session quote, not necessarily a closing auction price. Retrieval date is not trading date.""}",NASDAQ:ALAB,IDEA-0003,2026-09-25T01:44:44.683253+09:00,,,price,per share,USD,not-applicable,https://query1.finance.yahoo.com/v8/finance/chart/ALAB?range=5d&interval=1d,cc46d2e3287e6a9d84e189c5e9505a7a0d9c69b799248ea2d56fa2ad91643e34,live,
MET-0217,2026-09-25,MRVL,,Regular session price,하향,260.35,260.0,-0.1344%,Yahoo Finance chart,"{""market_time_utc"": ""2026-09-24T16:44:43+00:00"", ""session"": ""regular"", ""limitation"": ""Latest regular-session quote, not necessarily a closing auction price. Retrieval date is not trading date.""}",NASDAQ:MRVL,IDEA-0004,2026-09-25T01:44:44.830579+09:00,,,price,per share,USD,not-applicable,https://query1.finance.yahoo.com/v8/finance/chart/MRVL?range=5d&interval=1d,7e0d4a2907c04800d65fa621516732ae13546cd83d9bf9c48efca6019a6d3a9c,live,
MET-0218,2026-09-25,CRDO,,Quarterly EPS consensus,유지,1.28252,1.28252,0%,Yahoo Finance non-GAAP,Analysts: 17. Provider period label; actual retrieval timestamp. Revenue is not labeled non-GAAP. Historical revision fields are not imported.,NASDAQ:CRDO,IDEA-0002,2026-09-25T09:08:37+09:00,2026-10-31,quarterly,consensus,per share,USD,non-GAAP,https://finance.yahoo.com/quote/CRDO/analysis/,db4cf130a936ad0e35cbc6fcf2eae82ab1d350fb7c517d5815dc55263c990e1f,live,
MET-0219,2026-09-25,CRDO,,Quarterly revenue consensus,유지,531.75574,531.75574,0%,Yahoo Finance non-GAAP,Analysts: 16. Provider period label; actual retrieval timestamp. Revenue is not labeled non-GAAP. Historical revision fields are not imported.,NASDAQ:CRDO,IDEA-0002,2026-09-25T09:08:37+09:00,2026-10-31,quarterly,consensus,million,USD,not-applicable,https://finance.yahoo.com/quote/CRDO/analysis/,58b40be660328b81f58a57e351816ffdb0ccdadabf4b7579f67c6a96d63690cb,live,
MET-0220,2026-09-25,CRDO,,Quarterly EPS consensus,유지,1.59273,1.59273,0%,Yahoo Finance non-GAAP,Analysts: 16. Provider period label; actual retrieval timestamp. Revenue is not labeled non-GAAP. Historical revision fields are not imported.,NASDAQ:CRDO,IDEA-0002,2026-09-25T09:08:37+09:00,2027-01-31,quarterly,consensus,per share,USD,non-GAAP,https://finance.yahoo.com/quote/CRDO/analysis/,e970455502ccc928530dca0968b80e29bf7e95760a4eec0e221352fc380cd257,live,
MET-0221,2026-09-25,CRDO,,Quarterly revenue consensus,유지,638.75488,638.75488,0%,Yahoo Finance non-GAAP,Analysts: 15. Provider period label; actual retrieval timestamp. Revenue is not labeled non-GAAP. Historical revision fields are not imported.,NASDAQ:CRDO,IDEA-0002,2026-09-25T09:08:37+09:00,2027-01-31,quarterly,consensus,million,USD,not-applicable,https://finance.yahoo.com/quote/CRDO/analysis/,3c83b9a11732da9f208493495b601ca25781ef5e74bfac5ec0ded845fd47a1cb,live,
MET-0222,2026-09-25,ALAB,,Quarterly EPS consensus,유지,1.19161,1.19161,0%,Yahoo Finance non-GAAP,Analysts: 20. Provider period label; actual retrieval timestamp. Revenue is not labeled non-GAAP. Historical revision fields are not imported.,NASDAQ:ALAB,IDEA-0003,2026-09-25T09:08:39+09:00,2026-09-30,quarterly,consensus,per share,USD,non-GAAP,https://finance.yahoo.com/quote/ALAB/analysis/,77e7c99d68ee5c137d61e15f8dbc98b7468279430f91e7549e3b48bc12460513,live,
MET-0223,2026-09-25,ALAB,,Quarterly revenue consensus,유지,550.63635,550.63635,0%,Yahoo Finance non-GAAP,Analysts: 18. Provider period label; actual retrieval timestamp. Revenue is not labeled non-GAAP. Historical revision fields are not imported.,NASDAQ:ALAB,IDEA-0003,2026-09-25T09:08:39+09:00,2026-09-30,quarterly,consensus,million,USD,not-applicable,https://finance.yahoo.com/quote/ALAB/analysis/,86b9c6b16ab69f4785d600f6aedff8e316f0906f992aa86aef36b626d47448fe,live,
MET-0224,2026-09-25,ALAB,,Quarterly EPS consensus,유지,1.41847,1.41847,0%,Yahoo Finance non-GAAP,Analysts: 20. Provider period label; actual retrieval timestamp. Revenue is not labeled non-GAAP. Historical revision fields are not imported.,NASDAQ:ALAB,IDEA-0003,2026-09-25T09:08:39+09:00,2026-12-31,quarterly,consensus,per share,USD,non-GAAP,https://finance.yahoo.com/quote/ALAB/analysis/,5927e82e17dd27d4b6d5a772164f2d2df115b46310882602894d1f3fce405451,live,
MET-0225,2026-09-25,ALAB,,Quarterly revenue consensus,유지,655.30752,655.30752,0%,Yahoo Finance non-GAAP,Analysts: 18. Provider period label; actual retrieval timestamp. Revenue is not labeled non-GAAP. Historical revision fields are not imported.,NASDAQ:ALAB,IDEA-0003,2026-09-25T09:08:39+09:00,2026-12-31,quarterly,consensus,million,USD,not-applicable,https://finance.yahoo.com/quote/ALAB/analysis/,44339f70baf0bc87c38727e330c3ca67ed8048fcd2dd52e036906892323ab07f,live,
MET-0226,2026-09-25,MRVL,,Quarterly EPS consensus,유지,1.09978,1.09978,0%,Yahoo Finance non-GAAP,Analysts: 34. Provider period label; actual retrieval timestamp. Revenue is not labeled non-GAAP. Historical revision fields are not imported.,NASDAQ:MRVL,IDEA-0004,2026-09-25T09:08:39+09:00,2026-10-31,quarterly,consensus,per share,USD,non-GAAP,https://finance.yahoo.com/quote/MRVL/analysis/,f90303f02874192949c55063c2e35ac9623a232a50f501d09b70b08620638af4,live,
MET-0227,2026-09-25,MRVL,,Quarterly revenue consensus,유지,3149.22325,3149.22325,0%,Yahoo Finance non-GAAP,Analysts: 33. Provider period label; actual retrieval timestamp. Revenue is not labeled non-GAAP. Historical revision fields are not imported.,NASDAQ:MRVL,IDEA-0004,2026-09-25T09:08:39+09:00,2026-10-31,quarterly,consensus,million,USD,not-applicable,https://finance.yahoo.com/quote/MRVL/analysis/,3e3220d39599138bba4d65820dc098270755e8e08ed9fd4761b61bae8c27cdd4,live,
MET-0228,2026-09-25,MRVL,,Quarterly EPS consensus,유지,1.35573,1.35573,0%,Yahoo Finance non-GAAP,Analysts: 33. Provider period label; actual retrieval timestamp. Revenue is not labeled non-GAAP. Historical revision fields are not imported.,NASDAQ:MRVL,IDEA-0004,2026-09-25T09:08:39+09:00,2027-01-31,quarterly,consensus,per share,USD,non-GAAP,https://finance.yahoo.com/quote/MRVL/analysis/,a3b08f7ea54227acf12c23c4525a33cfdb4a1a62dff6ab3704e600b3ff7fa662,live,
MET-0229,2026-09-25,MRVL,,Quarterly revenue consensus,유지,3720.50093,3720.50093,0%,Yahoo Finance non-GAAP,Analysts: 32. Provider period label; actual retrieval timestamp. Revenue is not labeled non-GAAP. Historical revision fields are not imported.,NASDAQ:MRVL,IDEA-0004,2026-09-25T09:08:39+09:00,2027-01-31,quarterly,consensus,million,USD,not-applicable,https://finance.yahoo.com/quote/MRVL/analysis/,b1f5a11c822fa457a31b9bd90d7c3edb2ab1f9e8bbeb15062814c8128596bcd6,live,
MET-0230,2026-09-25,CRDO,,Regular session price,상향,194.28,195.97,0.8699%,Yahoo Finance chart,"{""market_time_utc"": ""2026-09-24T20:00:01+00:00"", ""session"": ""regular"", ""limitation"": ""Latest regular-session quote, not necessarily a closing auction price. Retrieval date is not trading date.""}",NASDAQ:CRDO,IDEA-0002,2026-09-25T09:23:17.406082+09:00,,,price,per share,USD,not-applicable,https://query1.finance.yahoo.com/v8/finance/chart/CRDO?range=5d&interval=1d,84604dcfa863d9ac18c2ab8d739dde6067a9b9068c8b3f06436bbf7ab95d55fb,live,
MET-0231,2026-09-25,ALAB,,Regular session price,하향,362.86,360.51,-0.6476%,Yahoo Finance chart,"{""market_time_utc"": ""2026-09-24T20:00:01+00:00"", ""session"": ""regular"", ""limitation"": ""Latest regular-session quote, not necessarily a closing auction price. Retrieval date is not trading date.""}",NASDAQ:ALAB,IDEA-0003,2026-09-25T09:23:17.557701+09:00,,,price,per share,USD,not-applicable,https://query1.finance.yahoo.com/v8/finance/chart/ALAB?range=5d&interval=1d,177940c4baa2ac15430e13f0fccbf45a4f691008f8abf530758aa7674568c436,live,
MET-0232,2026-09-25,MRVL,,Regular session price,하향,260.0,258.95,-0.4038%,Yahoo Finance chart,"{""market_time_utc"": ""2026-09-24T20:00:01+00:00"", ""session"": ""regular"", ""limitation"": ""Latest regular-session quote, not necessarily a closing auction price. Retrieval date is not trading date.""}",NASDAQ:MRVL,IDEA-0004,2026-09-25T09:23:17.714387+09:00,,,price,per share,USD,not-applicable,https://query1.finance.yahoo.com/v8/finance/chart/MRVL?range=5d&interval=1d,69b054e4c45ed7bfadd61c79f038a4397e3a49a8ebdec702421e24eb64031610,live,
MET-0233,2026-09-25,CRDO,,Quarterly EPS consensus,유지,1.28252,1.28252,0%,Yahoo Finance non-GAAP,Analysts: 17. Provider period label; actual retrieval timestamp. Revenue is not labeled non-GAAP. Historical revision fields are not imported.,NASDAQ:CRDO,IDEA-0002,2026-09-25T09:53:05+09:00,2026-10-31,quarterly,consensus,per share,USD,non-GAAP,https://finance.yahoo.com/quote/CRDO/analysis/,1127ddcb7921eab210c612b5e368b6b601e8977b2c7e728e2d4ea13b65408e3b,live,
MET-0234,2026-09-25,CRDO,,Quarterly revenue consensus,유지,531.75574,531.75574,0%,Yahoo Finance non-GAAP,Analysts: 16. Provider period label; actual retrieval timestamp. Revenue is not labeled non-GAAP. Historical revision fields are not imported.,NASDAQ:CRDO,IDEA-0002,2026-09-25T09:53:05+09:00,2026-10-31,quarterly,consensus,million,USD,not-applicable,https://finance.yahoo.com/quote/CRDO/analysis/,0b3d4ec5e95cb9de9ddc41b171a00ea10becaebdf3d4b29676158d2ec859d473,live,
MET-0235,2026-09-25,CRDO,,Quarterly EPS consensus,유지,1.59273,1.59273,0%,Yahoo Finance non-GAAP,Analysts: 16. Provider period label; actual retrieval timestamp. Revenue is not labeled non-GAAP. Historical revision fields are not imported.,NASDAQ:CRDO,IDEA-0002,2026-09-25T09:53:05+09:00,2027-01-31,quarterly,consensus,per share,USD,non-GAAP,https://finance.yahoo.com/quote/CRDO/analysis/,15de5d4be140b5833a3c179224e6ffe486e13abbff143437d1255d37da410ded,live,
MET-0236,2026-09-25,CRDO,,Quarterly revenue consensus,유지,638.75488,638.75488,0%,Yahoo Finance non-GAAP,Analysts: 15. Provider period label; actual retrieval timestamp. Revenue is not labeled non-GAAP. Historical revision fields are not imported.,NASDAQ:CRDO,IDEA-0002,2026-09-25T09:53:05+09:00,2027-01-31,quarterly,consensus,million,USD,not-applicable,https://finance.yahoo.com/quote/CRDO/analysis/,4c84571ffe3a850148de10b126bd34bfbae1eb6fe8ea49b13b41a37a32c61bbe,live,
MET-0237,2026-09-25,ALAB,,Quarterly EPS consensus,유지,1.19161,1.19161,0%,Yahoo Finance non-GAAP,Analysts: 20. Provider period label; actual retrieval timestamp. Revenue is not labeled non-GAAP. Historical revision fields are not imported.,NASDAQ:ALAB,IDEA-0003,2026-09-25T09:53:06+09:00,2026-09-30,quarterly,consensus,per share,USD,non-GAAP,https://finance.yahoo.com/quote/ALAB/analysis/,e25dd77920648e357485163b9f4aa1fcc8af25b262a21ab457c1681c985a6d28,live,
MET-0238,2026-09-25,ALAB,,Quarterly revenue consensus,유지,550.63635,550.63635,0%,Yahoo Finance non-GAAP,Analysts: 18. Provider period label; actual retrieval timestamp. Revenue is not labeled non-GAAP. Historical revision fields are not imported.,NASDAQ:ALAB,IDEA-0003,2026-09-25T09:53:06+09:00,2026-09-30,quarterly,consensus,million,USD,not-applicable,https://finance.yahoo.com/quote/ALAB/analysis/,6c7231929bb41443e38e0c1a3359a08b75b68573ec86fbd931ca31792f95aa6c,live,
MET-0239,2026-09-25,ALAB,,Quarterly EPS consensus,유지,1.41847,1.41847,0%,Yahoo Finance non-GAAP,Analysts: 20. Provider period label; actual retrieval timestamp. Revenue is not labeled non-GAAP. Historical revision fields are not imported.,NASDAQ:ALAB,IDEA-0003,2026-09-25T09:53:06+09:00,2026-12-31,quarterly,consensus,per share,USD,non-GAAP,https://finance.yahoo.com/quote/ALAB/analysis/,5eaaed7fda81158adb4e1a420c72596d6590525ec448c1158236fb903ca5b93d,live,
MET-0240,2026-09-25,ALAB,,Quarterly revenue consensus,유지,655.30752,655.30752,0%,Yahoo Finance non-GAAP,Analysts: 18. Provider period label; actual retrieval timestamp. Revenue is not labeled non-GAAP. Historical revision fields are not imported.,NASDAQ:ALAB,IDEA-0003,2026-09-25T09:53:06+09:00,2026-12-31,quarterly,consensus,million,USD,not-applicable,https://finance.yahoo.com/quote/ALAB/analysis/,d6fa25f164346ffa66fff32595dea81ad5de43b1fa1978c70a8c0f22e99b88d9,live,
MET-0241,2026-09-25,MRVL,,Quarterly EPS consensus,유지,1.09978,1.09978,0%,Yahoo Finance non-GAAP,Analysts: 34. Provider period label; actual retrieval timestamp. Revenue is not labeled non-GAAP. Historical revision fields are not imported.,NASDAQ:MRVL,IDEA-0004,2026-09-25T09:53:07+09:00,2026-10-31,quarterly,consensus,per share,USD,non-GAAP,https://finance.yahoo.com/quote/MRVL/analysis/,4b0e6e8051e42168754b293445e474fcef830c7de40fee6373b2688553b982ab,live,
MET-0242,2026-09-25,MRVL,,Quarterly revenue consensus,유지,3149.22325,3149.22325,0%,Yahoo Finance non-GAAP,Analysts: 33. Provider period label; actual retrieval timestamp. Revenue is not labeled non-GAAP. Historical revision fields are not imported.,NASDAQ:MRVL,IDEA-0004,2026-09-25T09:53:07+09:00,2026-10-31,quarterly,consensus,million,USD,not-applicable,https://finance.yahoo.com/quote/MRVL/analysis/,34b420dd0b412fb5924cbacfb1bab23135ec13dec0df9de0f44e8995d1b0cb63,live,
MET-0243,2026-09-25,MRVL,,Quarterly EPS consensus,유지,1.35573,1.35573,0%,Yahoo Finance non-GAAP,Analysts: 33. Provider period label; actual retrieval timestamp. Revenue is not labeled non-GAAP. Historical revision fields are not imported.,NASDAQ:MRVL,IDEA-0004,2026-09-25T09:53:07+09:00,2027-01-31,quarterly,consensus,per share,USD,non-GAAP,https://finance.yahoo.com/quote/MRVL/analysis/,12e24db71ac24ef52eaec22c4dcb62f336bb7f58fc5689451082ba0d050b02d4,live,
MET-0244,2026-09-25,MRVL,,Quarterly revenue consensus,유지,3720.50093,3720.50093,0%,Yahoo Finance non-GAAP,Analysts: 32. Provider period label; actual retrieval timestamp. Revenue is not labeled non-GAAP. Historical revision fields are not imported.,NASDAQ:MRVL,IDEA-0004,2026-09-25T09:53:07+09:00,2027-01-31,quarterly,consensus,million,USD,not-applicable,https://finance.yahoo.com/quote/MRVL/analysis/,a4d5a055685d28da41684325ef6e120aefe415ec5543abd084d170e3c013a33c,live,
MET-0245,2026-09-25,CRDO,,Regular session price,유지,195.97,195.97,0%,Yahoo Finance chart,"{""market_time_utc"": ""2026-09-24T20:00:01+00:00"", ""session"": ""regular"", ""limitation"": ""Latest regular-session quote, not necessarily a closing auction price. Retrieval date is not trading date.""}",NASDAQ:CRDO,IDEA-0002,2026-09-25T10:07:30.516184+09:00,,,price,per share,USD,not-applicable,https://query1.finance.yahoo.com/v8/finance/chart/CRDO?range=5d&interval=1d,da1ead448f3c573140cdf3fc6f88d43f4e209e1aa14de46ef22c317cd30b29bd,live,
MET-0246,2026-09-25,ALAB,,Regular session price,유지,360.51,360.51,0%,Yahoo Finance chart,"{""market_time_utc"": ""2026-09-24T20:00:01+00:00"", ""session"": ""regular"", ""limitation"": ""Latest regular-session quote, not necessarily a closing auction price. Retrieval date is not trading date.""}",NASDAQ:ALAB,IDEA-0003,2026-09-25T10:07:30.643048+09:00,,,price,per share,USD,not-applicable,https://query1.finance.yahoo.com/v8/finance/chart/ALAB?range=5d&interval=1d,1e9fc57337d1e6be3f2732ca1f2f9b72fc3797a57ccd2ff2ff9ebab310047a6a,live,
MET-0247,2026-09-25,MRVL,,Regular session price,유지,258.95,258.95,0%,Yahoo Finance chart,"{""market_time_utc"": ""2026-09-24T20:00:01+00:00"", ""session"": ""regular"", ""limitation"": ""Latest regular-session quote, not necessarily a closing auction price. Retrieval date is not trading date.""}",NASDAQ:MRVL,IDEA-0004,2026-09-25T10:07:30.820244+09:00,,,price,per share,USD,not-applicable,https://query1.finance.yahoo.com/v8/finance/chart/MRVL?range=5d&interval=1d,646a6fd826a2648d0185217cf1aa387e623d7a0512ebb502fb74e8bbc2cdf233,live,
MET-0248,2026-09-25,CRDO,,Quarterly EPS consensus,유지,1.28252,1.28252,0%,Yahoo Finance non-GAAP,Analysts: 17. Provider period label; actual retrieval timestamp. Revenue is not labeled non-GAAP. Historical revision fields are not imported.,NASDAQ:CRDO,IDEA-0002,2026-09-25T10:08:39+09:00,2026-10-31,quarterly,consensus,per share,USD,non-GAAP,https://finance.yahoo.com/quote/CRDO/analysis/,f24ec83a040fa78ba04ca7586cc50418572e0f68619ad87d3e051608447dc512,live,
MET-0249,2026-09-25,CRDO,,Quarterly revenue consensus,유지,531.75574,531.75574,0%,Yahoo Finance non-GAAP,Analysts: 16. Provider period label; actual retrieval timestamp. Revenue is not labeled non-GAAP. Historical revision fields are not imported.,NASDAQ:CRDO,IDEA-0002,2026-09-25T10:08:39+09:00,2026-10-31,quarterly,consensus,million,USD,not-applicable,https://finance.yahoo.com/quote/CRDO/analysis/,a8e7cd059690236c7b6b702225493c2432bc863b1ec590ddd4591701b29ea5b1,live,
MET-0250,2026-09-25,CRDO,,Quarterly EPS consensus,유지,1.59273,1.59273,0%,Yahoo Finance non-GAAP,Analysts: 16. Provider period label; actual retrieval timestamp. Revenue is not labeled non-GAAP. Historical revision fields are not imported.,NASDAQ:CRDO,IDEA-0002,2026-09-25T10:08:39+09:00,2027-01-31,quarterly,consensus,per share,USD,non-GAAP,https://finance.yahoo.com/quote/CRDO/analysis/,6701082403b03aced2af396912fa14109cb9bcf59b12099fd264b0688acc19a9,live,
MET-0251,2026-09-25,CRDO,,Quarterly revenue consensus,유지,638.75488,638.75488,0%,Yahoo Finance non-GAAP,Analysts: 15. Provider period label; actual retrieval timestamp. Revenue is not labeled non-GAAP. Historical revision fields are not imported.,NASDAQ:CRDO,IDEA-0002,2026-09-25T10:08:39+09:00,2027-01-31,quarterly,consensus,million,USD,not-applicable,https://finance.yahoo.com/quote/CRDO/analysis/,5bcfcf0ddd00f0c536efe486bd1f4509344b347ca2b88c290050ed73d38ed4ed,live,
MET-0252,2026-09-25,ALAB,,Quarterly EPS consensus,유지,1.19161,1.19161,0%,Yahoo Finance non-GAAP,Analysts: 20. Provider period label; actual retrieval timestamp. Revenue is not labeled non-GAAP. Historical revision fields are not imported.,NASDAQ:ALAB,IDEA-0003,2026-09-25T10:08:39+09:00,2026-09-30,quarterly,consensus,per share,USD,non-GAAP,https://finance.yahoo.com/quote/ALAB/analysis/,13b6333eb88cb4537f3c0b6a35d012955ee81eb02cd010c21f89e2cb24eeb888,live,
MET-0253,2026-09-25,ALAB,,Quarterly revenue consensus,유지,550.63635,550.63635,0%,Yahoo Finance non-GAAP,Analysts: 18. Provider period label; actual retrieval timestamp. Revenue is not labeled non-GAAP. Historical revision fields are not imported.,NASDAQ:ALAB,IDEA-0003,2026-09-25T10:08:39+09:00,2026-09-30,quarterly,consensus,million,USD,not-applicable,https://finance.yahoo.com/quote/ALAB/analysis/,7d5f37a6377a9ab7865a0b797d4eb008ae1eb0c434e87690c93b10ccb0ee479e,live,
MET-0254,2026-09-25,ALAB,,Quarterly EPS consensus,유지,1.41847,1.41847,0%,Yahoo Finance non-GAAP,Analysts: 20. Provider period label; actual retrieval timestamp. Revenue is not labeled non-GAAP. Historical revision fields are not imported.,NASDAQ:ALAB,IDEA-0003,2026-09-25T10:08:39+09:00,2026-12-31,quarterly,consensus,per share,USD,non-GAAP,https://finance.yahoo.com/quote/ALAB/analysis/,19b42c1c96b9112168166fbe791b03cd2d923ba8f40047997220683d4fd2a898,live,
MET-0255,2026-09-25,ALAB,,Quarterly revenue consensus,유지,655.30752,655.30752,0%,Yahoo Finance non-GAAP,Analysts: 18. Provider period label; actual retrieval timestamp. Revenue is not labeled non-GAAP. Historical revision fields are not imported.,NASDAQ:ALAB,IDEA-0003,2026-09-25T10:08:39+09:00,2026-12-31,quarterly,consensus,million,USD,not-applicable,https://finance.yahoo.com/quote/ALAB/analysis/,1d8bb13c9c5b6e2e13e51265dad57240ae860452650d36d8b9dc84f443c3834c,live,
MET-0256,2026-09-25,MRVL,,Quarterly EPS consensus,유지,1.09978,1.09978,0%,Yahoo Finance non-GAAP,Analysts: 34. Provider period label; actual retrieval timestamp. Revenue is not labeled non-GAAP. Historical revision fields are not imported.,NASDAQ:MRVL,IDEA-0004,2026-09-25T10:08:40+09:00,2026-10-31,quarterly,consensus,per share,USD,non-GAAP,https://finance.yahoo.com/quote/MRVL/analysis/,5a7c07fc15f322571990afb1f8a06a5ed65e89aa35908a755d89949bb43c7daf,live,
MET-0257,2026-09-25,MRVL,,Quarterly revenue consensus,유지,3149.22325,3149.22325,0%,Yahoo Finance non-GAAP,Analysts: 33. Provider period label; actual retrieval timestamp. Revenue is not labeled non-GAAP. Historical revision fields are not imported.,NASDAQ:MRVL,IDEA-0004,2026-09-25T10:08:40+09:00,2026-10-31,quarterly,consensus,million,USD,not-applicable,https://finance.yahoo.com/quote/MRVL/analysis/,e6321fe6d4b8993b3641c8bbb79b7c187526e22eb00d5ec3db89e809a3c5f37c,live,
MET-0258,2026-09-25,MRVL,,Quarterly EPS consensus,유지,1.35573,1.35573,0%,Yahoo Finance non-GAAP,Analysts: 33. Provider period label; actual retrieval timestamp. Revenue is not labeled non-GAAP. Historical revision fields are not imported.,NASDAQ:MRVL,IDEA-0004,2026-09-25T10:08:40+09:00,2027-01-31,quarterly,consensus,per share,USD,non-GAAP,https://finance.yahoo.com/quote/MRVL/analysis/,d34c87dcb92e8a885a3bf376115d363be9cd126a91471c6871f36f52b685ba96,live,
MET-0259,2026-09-25,MRVL,,Quarterly revenue consensus,유지,3720.50093,3720.50093,0%,Yahoo Finance non-GAAP,Analysts: 32. Provider period label; actual retrieval timestamp. Revenue is not labeled non-GAAP. Historical revision fields are not imported.,NASDAQ:MRVL,IDEA-0004,2026-09-25T10:08:40+09:00,2027-01-31,quarterly,consensus,million,USD,not-applicable,https://finance.yahoo.com/quote/MRVL/analysis/,f11d620dc35fd004662d2d737994b2897a089fec740805373d3b1d192c0e9eed,live,
MET-0260,2026-09-25,CRDO,,Regular session price,유지,195.97,195.97,0%,Yahoo Finance chart,"{""market_time_utc"": ""2026-09-24T20:00:01+00:00"", ""session"": ""regular"", ""limitation"": ""Latest regular-session quote, not necessarily a closing auction price. Retrieval date is not trading date.""}",NASDAQ:CRDO,IDEA-0002,2026-09-25T10:23:02.894586+09:00,,,price,per share,USD,not-applicable,https://query1.finance.yahoo.com/v8/finance/chart/CRDO?range=5d&interval=1d,f03c0d53de86faf3899611026764a0c1935e0f2223f7c194e5245114fc26a1cc,live,
MET-0261,2026-09-25,ALAB,,Regular session price,유지,360.51,360.51,0%,Yahoo Finance chart,"{""market_time_utc"": ""2026-09-24T20:00:01+00:00"", ""session"": ""regular"", ""limitation"": ""Latest regular-session quote, not necessarily a closing auction price. Retrieval date is not trading date.""}",NASDAQ:ALAB,IDEA-0003,2026-09-25T10:23:03.023558+09:00,,,price,per share,USD,not-applicable,https://query1.finance.yahoo.com/v8/finance/chart/ALAB?range=5d&interval=1d,5aee915932ffe5ab00d42e7a1fda48a365ff401317b3e5026b426df6b2829630,live,
MET-0262,2026-09-25,MRVL,,Regular session price,유지,258.95,258.95,0%,Yahoo Finance chart,"{""market_time_utc"": ""2026-09-24T20:00:01+00:00"", ""session"": ""regular"", ""limitation"": ""Latest regular-session quote, not necessarily a closing auction price. Retrieval date is not trading date.""}",NASDAQ:MRVL,IDEA-0004,2026-09-25T10:23:03.099108+09:00,,,price,per share,USD,not-applicable,https://query1.finance.yahoo.com/v8/finance/chart/MRVL?range=5d&interval=1d,2f6fe34fb06958445ce04a374db9da8816b1e1b8e7c858f222962f92526e460b,live,
MET-0263,2026-09-25,CRDO,,Quarterly EPS consensus,유지,1.28252,1.28252,0%,Yahoo Finance non-GAAP,Analysts: 17. Provider period label; actual retrieval timestamp. Revenue is not labeled non-GAAP. Historical revision fields are not imported.,NASDAQ:CRDO,IDEA-0002,2026-09-25T21:33:30+09:00,2026-10-31,quarterly,consensus,per share,USD,non-GAAP,https://finance.yahoo.com/quote/CRDO/analysis/,b9b5a4fe9464e370e5a2ef9f7eeb475680fc38d823687eafc4025d116f4e9b88,live,
MET-0264,2026-09-25,CRDO,,Quarterly revenue consensus,유지,531.75574,531.75574,0%,Yahoo Finance non-GAAP,Analysts: 16. Provider period label; actual retrieval timestamp. Revenue is not labeled non-GAAP. Historical revision fields are not imported.,NASDAQ:CRDO,IDEA-0002,2026-09-25T21:33:30+09:00,2026-10-31,quarterly,consensus,million,USD,not-applicable,https://finance.yahoo.com/quote/CRDO/analysis/,b87c15bcd99b382f10f47442b85442e4b424531d30d1bf7150d88edb49af1403,live,
MET-0265,2026-09-25,CRDO,,Quarterly EPS consensus,유지,1.59273,1.59273,0%,Yahoo Finance non-GAAP,Analysts: 16. Provider period label; actual retrieval timestamp. Revenue is not labeled non-GAAP. Historical revision fields are not imported.,NASDAQ:CRDO,IDEA-0002,2026-09-25T21:33:30+09:00,2027-01-31,quarterly,consensus,per share,USD,non-GAAP,https://finance.yahoo.com/quote/CRDO/analysis/,8ee1ccbd07e60dd1b0c6d3d8f429c818bcc2e1a225cb61ee03339f88bc1b58a7,live,
MET-0266,2026-09-25,CRDO,,Quarterly revenue consensus,유지,638.75488,638.75488,0%,Yahoo Finance non-GAAP,Analysts: 15. Provider period label; actual retrieval timestamp. Revenue is not labeled non-GAAP. Historical revision fields are not imported.,NASDAQ:CRDO,IDEA-0002,2026-09-25T21:33:30+09:00,2027-01-31,quarterly,consensus,million,USD,not-applicable,https://finance.yahoo.com/quote/CRDO/analysis/,53fbec7fbef32a41ec1b0a4fb43ce749bae68105e57ec1307c468de66822cf15,live,
MET-0267,2026-09-25,ALAB,,Quarterly EPS consensus,유지,1.19161,1.19161,0%,Yahoo Finance non-GAAP,Analysts: 20. Provider period label; actual retrieval timestamp. Revenue is not labeled non-GAAP. Historical revision fields are not imported.,NASDAQ:ALAB,IDEA-0003,2026-09-25T21:33:30+09:00,2026-09-30,quarterly,consensus,per share,USD,non-GAAP,https://finance.yahoo.com/quote/ALAB/analysis/,a6acb7e354208dc84aad1642cb6ead9a4e6d2ed4d37ec45dc782e9378e483267,live,
MET-0268,2026-09-25,ALAB,,Quarterly revenue consensus,유지,550.63635,550.63635,0%,Yahoo Finance non-GAAP,Analysts: 18. Provider period label; actual retrieval timestamp. Revenue is not labeled non-GAAP. Historical revision fields are not imported.,NASDAQ:ALAB,IDEA-0003,2026-09-25T21:33:30+09:00,2026-09-30,quarterly,consensus,million,USD,not-applicable,https://finance.yahoo.com/quote/ALAB/analysis/,38c2f45b6bb04301e8d27f2ed6772a4407d454832caad7c0eec4b47b669bc509,live,
MET-0269,2026-09-25,ALAB,,Quarterly EPS consensus,유지,1.41847,1.41847,0%,Yahoo Finance non-GAAP,Analysts: 20. Provider period label; actual retrieval timestamp. Revenue is not labeled non-GAAP. Historical revision fields are not imported.,NASDAQ:ALAB,IDEA-0003,2026-09-25T21:33:30+09:00,2026-12-31,quarterly,consensus,per share,USD,non-GAAP,https://finance.yahoo.com/quote/ALAB/analysis/,ef02a3de1b860b166cb83ba29b628d58afeb03871a50e679cc142a25230bfc19,live,
MET-0270,2026-09-25,ALAB,,Quarterly revenue consensus,유지,655.30752,655.30752,0%,Yahoo Finance non-GAAP,Analysts: 18. Provider period label; actual retrieval timestamp. Revenue is not labeled non-GAAP. Historical revision fields are not imported.,NASDAQ:ALAB,IDEA-0003,2026-09-25T21:33:30+09:00,2026-12-31,quarterly,consensus,million,USD,not-applicable,https://finance.yahoo.com/quote/ALAB/analysis/,c41dd18ebd471b37af6e8346f82d9bfacc18b8891537b040da59b20e28eae1f4,live,
MET-0271,2026-09-25,MRVL,,Quarterly EPS consensus,유지,1.09978,1.09978,0%,Yahoo Finance non-GAAP,Analysts: 34. Provider period label; actual retrieval timestamp. Revenue is not labeled non-GAAP. Historical revision fields are not imported.,NASDAQ:MRVL,IDEA-0004,2026-09-25T21:33:30+09:00,2026-10-31,quarterly,consensus,per share,USD,non-GAAP,https://finance.yahoo.com/quote/MRVL/analysis/,a1f9bac01245d7d0a436dae30156c076cddcb18f1b810cd3ce274cbda4ace154,live,
MET-0272,2026-09-25,MRVL,,Quarterly revenue consensus,유지,3149.22325,3149.22325,0%,Yahoo Finance non-GAAP,Analysts: 33. Provider period label; actual retrieval timestamp. Revenue is not labeled non-GAAP. Historical revision fields are not imported.,NASDAQ:MRVL,IDEA-0004,2026-09-25T21:33:30+09:00,2026-10-31,quarterly,consensus,million,USD,not-applicable,https://finance.yahoo.com/quote/MRVL/analysis/,5eeec2ea83e0ee75dfd4e7bfe4250c17f345b0e6db0611adc5b0533ebac94c9c,live,
MET-0273,2026-09-25,MRVL,,Quarterly EPS consensus,유지,1.35573,1.35573,0%,Yahoo Finance non-GAAP,Analysts: 33. Provider period label; actual retrieval timestamp. Revenue is not labeled non-GAAP. Historical revision fields are not imported.,NASDAQ:MRVL,IDEA-0004,2026-09-25T21:33:30+09:00,2027-01-31,quarterly,consensus,per share,USD,non-GAAP,https://finance.yahoo.com/quote/MRVL/analysis/,17ca8125bfd2a49a4f78e3827fbefbaccf4d478ba09c2cdbbc3f5d5ab2d59592,live,
MET-0274,2026-09-25,MRVL,,Quarterly revenue consensus,유지,3720.50093,3720.50093,0%,Yahoo Finance non-GAAP,Analysts: 32. Provider period label; actual retrieval timestamp. Revenue is not labeled non-GAAP. Historical revision fields are not imported.,NASDAQ:MRVL,IDEA-0004,2026-09-25T21:33:30+09:00,2027-01-31,quarterly,consensus,million,USD,not-applicable,https://finance.yahoo.com/quote/MRVL/analysis/,e55994e0502b1487857cb7773fbcd6fb55c557bfa1d9d0f89d29395fb41b5cd6,live,
MET-0275,2026-09-25,CRDO,,Regular session price,유지,195.97,195.97,0%,Yahoo Finance chart,"{""market_time_utc"": ""2026-09-24T20:00:01+00:00"", ""session"": ""regular"", ""limitation"": ""Latest regular-session quote, not necessarily a closing auction price. Retrieval date is not trading date.""}",NASDAQ:CRDO,IDEA-0002,2026-09-25T21:33:31.399789+09:00,,,price,per share,USD,not-applicable,https://query1.finance.yahoo.com/v8/finance/chart/CRDO?range=5d&interval=1d,182bff1c3139411b63f3988c5a85723b7ab6bea3b3fbb249ca398e7a539ed60f,live,
MET-0276,2026-09-25,ALAB,,Regular session price,유지,360.51,360.51,0%,Yahoo Finance chart,"{""market_time_utc"": ""2026-09-24T20:00:01+00:00"", ""session"": ""regular"", ""limitation"": ""Latest regular-session quote, not necessarily a closing auction price. Retrieval date is not trading date.""}",NASDAQ:ALAB,IDEA-0003,2026-09-25T21:33:31.578681+09:00,,,price,per share,USD,not-applicable,https://query1.finance.yahoo.com/v8/finance/chart/ALAB?range=5d&interval=1d,96e12f682ac667c4c7b7fa8bff00a955118f5ba955870d33e9d7794b45d1b73d,live,
MET-0277,2026-09-25,MRVL,,Regular session price,유지,258.95,258.95,0%,Yahoo Finance chart,"{""market_time_utc"": ""2026-09-24T20:00:01+00:00"", ""session"": ""regular"", ""limitation"": ""Latest regular-session quote, not necessarily a closing auction price. Retrieval date is not trading date.""}",NASDAQ:MRVL,IDEA-0004,2026-09-25T21:33:31.748690+09:00,,,price,per share,USD,not-applicable,https://query1.finance.yahoo.com/v8/finance/chart/MRVL?range=5d&interval=1d,7870b58137e8de7bc337c3047021b68c5cf351737bd836b59dfc71df59985b68,live,
MET-0278,2026-09-26,CRDO,,EPS consensus,유지,6.30509,6.30509,0%,Yahoo Finance non-GAAP,"Analysts: 19. Period end is the provider label, not independently inferred issuer year end. Observation is retrieval date; no historical revision inferred.",NASDAQ:CRDO,IDEA-0002,2026-09-26,2027-04-30,annual,consensus,per share,USD,non-GAAP,https://finance.yahoo.com/quote/CRDO/analysis/,378d1406f8289c53356f668e4b3a6261e937fa3db26824436e1a79d410411550,live,
MET-0279,2026-09-26,CRDO,,EPS consensus,유지,9.70487,9.70487,0%,Yahoo Finance non-GAAP,"Analysts: 19. Period end is the provider label, not independently inferred issuer year end. Observation is retrieval date; no historical revision inferred.",NASDAQ:CRDO,IDEA-0002,2026-09-26,2028-04-30,annual,consensus,per share,USD,non-GAAP,https://finance.yahoo.com/quote/CRDO/analysis/,d889c93460bfcfa387620a5ca7d129e022b418c84a24429e342dad421e53d2e1,live,
MET-0280,2026-09-26,ALAB,,EPS consensus,유지,4.0322,4.0322,0%,Yahoo Finance non-GAAP,"Analysts: 21. Period end is the provider label, not independently inferred issuer year end. Observation is retrieval date; no historical revision inferred.",NASDAQ:ALAB,IDEA-0003,2026-09-26,2026-12-31,annual,consensus,per share,USD,non-GAAP,https://finance.yahoo.com/quote/ALAB/analysis/,e2382f839b2c7bdf74414274529ca2049d9056a7837dd82ef58169bc583b73ba,live,
MET-0281,2026-09-26,ALAB,,EPS consensus,유지,6.39348,6.39348,0%,Yahoo Finance non-GAAP,"Analysts: 23. Period end is the provider label, not independently inferred issuer year end. Observation is retrieval date; no historical revision inferred.",NASDAQ:ALAB,IDEA-0003,2026-09-26,2027-12-31,annual,consensus,per share,USD,non-GAAP,https://finance.yahoo.com/quote/ALAB/analysis/,a5f8edebd232d18963e85baa54bcb857fccb21a8532b56cf574a8e58f5085aca,live,
MET-0282,2026-09-26,MRVL,,EPS consensus,유지,4.2113,4.2113,0%,Yahoo Finance non-GAAP,"Analysts: 40. Period end is the provider label, not independently inferred issuer year end. Observation is retrieval date; no historical revision inferred.",NASDAQ:MRVL,IDEA-0004,2026-09-26,2027-01-31,annual,consensus,per share,USD,non-GAAP,https://finance.yahoo.com/quote/MRVL/analysis/,eaa46ad98a52a175a8b5d4c90c7aaf79c21f9e7d7804baa5bd89ba12f834460b,live,
MET-0283,2026-09-26,MRVL,,EPS consensus,유지,6.75725,6.75725,0%,Yahoo Finance non-GAAP,"Analysts: 42. Period end is the provider label, not independently inferred issuer year end. Observation is retrieval date; no historical revision inferred.",NASDAQ:MRVL,IDEA-0004,2026-09-26,2028-01-31,annual,consensus,per share,USD,non-GAAP,https://finance.yahoo.com/quote/MRVL/analysis/,63c01ba445d422a3eb68201ba168c9d3ccdb6abeff530b901e3dfcdb80567647,live,
MET-0284,2026-09-26,CRDO,,Quarterly EPS consensus,유지,1.28252,1.28252,0%,Yahoo Finance non-GAAP,Analysts: 17. Provider period label; actual retrieval timestamp. Revenue is not labeled non-GAAP. Historical revision fields are not imported.,NASDAQ:CRDO,IDEA-0002,2026-09-26T22:37:39+09:00,2026-10-31,quarterly,consensus,per share,USD,non-GAAP,https://finance.yahoo.com/quote/CRDO/analysis/,cf8ffebbe257cddebc2ec2f73c076dcface397b863c3940024726726ca29111d,live,
MET-0285,2026-09-26,CRDO,,Quarterly revenue consensus,유지,531.75574,531.75574,0%,Yahoo Finance non-GAAP,Analysts: 16. Provider period label; actual retrieval timestamp. Revenue is not labeled non-GAAP. Historical revision fields are not imported.,NASDAQ:CRDO,IDEA-0002,2026-09-26T22:37:39+09:00,2026-10-31,quarterly,consensus,million,USD,not-applicable,https://finance.yahoo.com/quote/CRDO/analysis/,2882e23a785a085d6fb3fcc11ecf1ac313b8b72729f2b0ade9bf992795b66325,live,
MET-0286,2026-09-26,CRDO,,Quarterly EPS consensus,유지,1.59273,1.59273,0%,Yahoo Finance non-GAAP,Analysts: 16. Provider period label; actual retrieval timestamp. Revenue is not labeled non-GAAP. Historical revision fields are not imported.,NASDAQ:CRDO,IDEA-0002,2026-09-26T22:37:39+09:00,2027-01-31,quarterly,consensus,per share,USD,non-GAAP,https://finance.yahoo.com/quote/CRDO/analysis/,de8d63dabcedfbd288688e5b80b9e51c37079ecd706e0c00ad3f2674cac8c22b,live,
MET-0287,2026-09-26,CRDO,,Quarterly revenue consensus,유지,638.75488,638.75488,0%,Yahoo Finance non-GAAP,Analysts: 15. Provider period label; actual retrieval timestamp. Revenue is not labeled non-GAAP. Historical revision fields are not imported.,NASDAQ:CRDO,IDEA-0002,2026-09-26T22:37:39+09:00,2027-01-31,quarterly,consensus,million,USD,not-applicable,https://finance.yahoo.com/quote/CRDO/analysis/,396be9c2e28b5a7dae44f916e859862f9c3b248ffbb6f6d23958fecf2f2857c1,live,
MET-0288,2026-09-26,ALAB,,Quarterly EPS consensus,유지,1.19161,1.19161,0%,Yahoo Finance non-GAAP,Analysts: 20. Provider period label; actual retrieval timestamp. Revenue is not labeled non-GAAP. Historical revision fields are not imported.,NASDAQ:ALAB,IDEA-0003,2026-09-26T22:37:40+09:00,2026-09-30,quarterly,consensus,per share,USD,non-GAAP,https://finance.yahoo.com/quote/ALAB/analysis/,2a3091059d47ed01888d7d67e105ecf877b37834d9ec02ce6223b7596459ab00,live,
MET-0289,2026-09-26,ALAB,,Quarterly revenue consensus,유지,550.63635,550.63635,0%,Yahoo Finance non-GAAP,Analysts: 18. Provider period label; actual retrieval timestamp. Revenue is not labeled non-GAAP. Historical revision fields are not imported.,NASDAQ:ALAB,IDEA-0003,2026-09-26T22:37:40+09:00,2026-09-30,quarterly,consensus,million,USD,not-applicable,https://finance.yahoo.com/quote/ALAB/analysis/,3ba9f0b6c452e2c5ab0e018730034ab42759e45265c3962ead49b99c97e93c53,live,
MET-0290,2026-09-26,ALAB,,Quarterly EPS consensus,유지,1.41847,1.41847,0%,Yahoo Finance non-GAAP,Analysts: 20. Provider period label; actual retrieval timestamp. Revenue is not labeled non-GAAP. Historical revision fields are not imported.,NASDAQ:ALAB,IDEA-0003,2026-09-26T22:37:40+09:00,2026-12-31,quarterly,consensus,per share,USD,non-GAAP,https://finance.yahoo.com/quote/ALAB/analysis/,994f035ab36d21fc3b37647fab93588e92e75d0e4b60dd33246a3959d5df5d28,live,
MET-0291,2026-09-26,ALAB,,Quarterly revenue consensus,유지,655.30752,655.30752,0%,Yahoo Finance non-GAAP,Analysts: 18. Provider period label; actual retrieval timestamp. Revenue is not labeled non-GAAP. Historical revision fields are not imported.,NASDAQ:ALAB,IDEA-0003,2026-09-26T22:37:40+09:00,2026-12-31,quarterly,consensus,million,USD,not-applicable,https://finance.yahoo.com/quote/ALAB/analysis/,6789a952fb2b9ee0f296986c2cd7693a82cef7dd26d81a3e0d7c54416654cb24,live,
MET-0292,2026-09-26,MRVL,,Quarterly EPS consensus,유지,1.09978,1.09978,0%,Yahoo Finance non-GAAP,Analysts: 34. Provider period label; actual retrieval timestamp. Revenue is not labeled non-GAAP. Historical revision fields are not imported.,NASDAQ:MRVL,IDEA-0004,2026-09-26T22:37:40+09:00,2026-10-31,quarterly,consensus,per share,USD,non-GAAP,https://finance.yahoo.com/quote/MRVL/analysis/,0bd5fe53a9b028b1fc1eb616b57cc0084c8e74719cb8e0510b56a8ef963b579e,live,
MET-0293,2026-09-26,MRVL,,Quarterly revenue consensus,유지,3149.22325,3149.22325,0%,Yahoo Finance non-GAAP,Analysts: 33. Provider period label; actual retrieval timestamp. Revenue is not labeled non-GAAP. Historical revision fields are not imported.,NASDAQ:MRVL,IDEA-0004,2026-09-26T22:37:40+09:00,2026-10-31,quarterly,consensus,million,USD,not-applicable,https://finance.yahoo.com/quote/MRVL/analysis/,49ebf791f90f559a36c2f76493746311959939ddf497cef9def7391836dee961,live,
MET-0294,2026-09-26,MRVL,,Quarterly EPS consensus,유지,1.35573,1.35573,0%,Yahoo Finance non-GAAP,Analysts: 33. Provider period label; actual retrieval timestamp. Revenue is not labeled non-GAAP. Historical revision fields are not imported.,NASDAQ:MRVL,IDEA-0004,2026-09-26T22:37:40+09:00,2027-01-31,quarterly,consensus,per share,USD,non-GAAP,https://finance.yahoo.com/quote/MRVL/analysis/,0b930e6c20e9706f72bc25ab9d57aeb3f88c65fef21fe16d7056b1b2c1c37cb7,live,
MET-0295,2026-09-26,MRVL,,Quarterly revenue consensus,유지,3720.50093,3720.50093,0%,Yahoo Finance non-GAAP,Analysts: 32. Provider period label; actual retrieval timestamp. Revenue is not labeled non-GAAP. Historical revision fields are not imported.,NASDAQ:MRVL,IDEA-0004,2026-09-26T22:37:40+09:00,2027-01-31,quarterly,consensus,million,USD,not-applicable,https://finance.yahoo.com/quote/MRVL/analysis/,2c10bffa49025855ecb2a925b296935dd3455ca1a7e6edbbb6688f981bcc5cba,live,
MET-0296,2026-09-26,CRDO,,Regular session price,상향,195.97,210.97,7.654%,Yahoo Finance chart,"{""market_time_utc"": ""2026-09-25T20:00:01+00:00"", ""session"": ""regular"", ""limitation"": ""Latest regular-session quote, not necessarily a closing auction price. Retrieval date is not trading date.""}",NASDAQ:CRDO,IDEA-0002,2026-09-26T22:52:04.178698+09:00,,,price,per share,USD,not-applicable,https://query1.finance.yahoo.com/v8/finance/chart/CRDO?range=5d&interval=1d,1f549c35dce19a8d4e45149a71146e960046ffaf42778a9a1dd6fdcec3e23b47,live,
MET-0297,2026-09-26,ALAB,,Regular session price,상향,360.51,364.62,1.14%,Yahoo Finance chart,"{""market_time_utc"": ""2026-09-25T20:00:01+00:00"", ""session"": ""regular"", ""limitation"": ""Latest regular-session quote, not necessarily a closing auction price. Retrieval date is not trading date.""}",NASDAQ:ALAB,IDEA-0003,2026-09-26T22:52:04.268414+09:00,,,price,per share,USD,not-applicable,https://query1.finance.yahoo.com/v8/finance/chart/ALAB?range=5d&interval=1d,1a8f94e65d7af6f83bd03f48dca588470a8334c4b0b294da60da26bf9a0d6243,live,
MET-0298,2026-09-26,MRVL,,Regular session price,상향,258.95,261.935,1.153%,Yahoo Finance chart,"{""market_time_utc"": ""2026-09-25T20:00:01+00:00"", ""session"": ""regular"", ""limitation"": ""Latest regular-session quote, not necessarily a closing auction price. Retrieval date is not trading date.""}",NASDAQ:MRVL,IDEA-0004,2026-09-26T22:52:04.363265+09:00,,,price,per share,USD,not-applicable,https://query1.finance.yahoo.com/v8/finance/chart/MRVL?range=5d&interval=1d,49f694f02abc1d7659821ccc6b424efad0882ffbbd3e4aeead37753fac0a374f,live,
MET-0299,2026-09-27,CRDO,,EPS consensus,유지,6.30509,6.30509,0%,Yahoo Finance non-GAAP,"Analysts: 19. Period end is the provider label, not independently inferred issuer year end. Observation is retrieval date; no historical revision inferred.",NASDAQ:CRDO,IDEA-0002,2026-09-27,2027-04-30,annual,consensus,per share,USD,non-GAAP,https://finance.yahoo.com/quote/CRDO/analysis/,22909684e947b68bd20f977291f0084f350ceb2064d049e626351e9f911a793a,live,
MET-0300,2026-09-27,CRDO,,EPS consensus,유지,9.70487,9.70487,0%,Yahoo Finance non-GAAP,"Analysts: 19. Period end is the provider label, not independently inferred issuer year end. Observation is retrieval date; no historical revision inferred.",NASDAQ:CRDO,IDEA-0002,2026-09-27,2028-04-30,annual,consensus,per share,USD,non-GAAP,https://finance.yahoo.com/quote/CRDO/analysis/,bf93b53d705b5ac23fe04a984920c4affdabb7a1d8d4d350124f89c7d95dbde9,live,
MET-0301,2026-09-27,ALAB,,EPS consensus,유지,4.0322,4.0322,0%,Yahoo Finance non-GAAP,"Analysts: 21. Period end is the provider label, not independently inferred issuer year end. Observation is retrieval date; no historical revision inferred.",NASDAQ:ALAB,IDEA-0003,2026-09-27,2026-12-31,annual,consensus,per share,USD,non-GAAP,https://finance.yahoo.com/quote/ALAB/analysis/,27cdd88dd990f031511a2646c86e5f6f455b13b2c5df922dbc3432bf3b4f6550,live,
MET-0302,2026-09-27,ALAB,,EPS consensus,유지,6.39348,6.39348,0%,Yahoo Finance non-GAAP,"Analysts: 23. Period end is the provider label, not independently inferred issuer year end. Observation is retrieval date; no historical revision inferred.",NASDAQ:ALAB,IDEA-0003,2026-09-27,2027-12-31,annual,consensus,per share,USD,non-GAAP,https://finance.yahoo.com/quote/ALAB/analysis/,78b7c151c96e56eecd001200792275de5c047c44026879c01a5d4255583ff3fe,live,
MET-0303,2026-09-27,MRVL,,EPS consensus,유지,4.2113,4.2113,0%,Yahoo Finance non-GAAP,"Analysts: 40. Period end is the provider label, not independently inferred issuer year end. Observation is retrieval date; no historical revision inferred.",NASDAQ:MRVL,IDEA-0004,2026-09-27,2027-01-31,annual,consensus,per share,USD,non-GAAP,https://finance.yahoo.com/quote/MRVL/analysis/,0f93bca91cdc316fab80c693aa427eb971d8530d492ed4d83b9418afb7f32e6c,live,
MET-0304,2026-09-27,MRVL,,EPS consensus,유지,6.75725,6.75725,0%,Yahoo Finance non-GAAP,"Analysts: 42. Period end is the provider label, not independently inferred issuer year end. Observation is retrieval date; no historical revision inferred.",NASDAQ:MRVL,IDEA-0004,2026-09-27,2028-01-31,annual,consensus,per share,USD,non-GAAP,https://finance.yahoo.com/quote/MRVL/analysis/,565b8081da84888487ca55280f64ee7cc058601697d55736f08c4f99ce166149,live,
MET-0305,2026-09-27,CRDO,,Quarterly EPS consensus,유지,1.28252,1.28252,0%,Yahoo Finance non-GAAP,Analysts: 17. Provider period label; actual retrieval timestamp. Revenue is not labeled non-GAAP. Historical revision fields are not imported.,NASDAQ:CRDO,IDEA-0002,2026-09-27T14:25:40+09:00,2026-10-31,quarterly,consensus,per share,USD,non-GAAP,https://finance.yahoo.com/quote/CRDO/analysis/,099c4c321559b7aebd828661c597cafb0c418cdbac932b27e425c7b8eaa3bc64,live,
MET-0306,2026-09-27,CRDO,,Quarterly revenue consensus,유지,531.75574,531.75574,0%,Yahoo Finance non-GAAP,Analysts: 16. Provider period label; actual retrieval timestamp. Revenue is not labeled non-GAAP. Historical revision fields are not imported.,NASDAQ:CRDO,IDEA-0002,2026-09-27T14:25:40+09:00,2026-10-31,quarterly,consensus,million,USD,not-applicable,https://finance.yahoo.com/quote/CRDO/analysis/,d8cd99b8be8a9b3a6ac64bb0066d391aeca389521e31825171e1f362fcc3bc5c,live,
MET-0307,2026-09-27,CRDO,,Quarterly EPS consensus,유지,1.59273,1.59273,0%,Yahoo Finance non-GAAP,Analysts: 16. Provider period label; actual retrieval timestamp. Revenue is not labeled non-GAAP. Historical revision fields are not imported.,NASDAQ:CRDO,IDEA-0002,2026-09-27T14:25:40+09:00,2027-01-31,quarterly,consensus,per share,USD,non-GAAP,https://finance.yahoo.com/quote/CRDO/analysis/,6cdd54c08d98f4725bd7606c0ce8f9810499a4c24cc3cffe653ba3fcd6e9288e,live,
MET-0308,2026-09-27,CRDO,,Quarterly revenue consensus,유지,638.75488,638.75488,0%,Yahoo Finance non-GAAP,Analysts: 15. Provider period label; actual retrieval timestamp. Revenue is not labeled non-GAAP. Historical revision fields are not imported.,NASDAQ:CRDO,IDEA-0002,2026-09-27T14:25:40+09:00,2027-01-31,quarterly,consensus,million,USD,not-applicable,https://finance.yahoo.com/quote/CRDO/analysis/,3ee8671c39b762d29d2883da9f367f80ab92e365b538de763d67ebcb236251da,live,
MET-0309,2026-09-27,ALAB,,Quarterly EPS consensus,유지,1.19161,1.19161,0%,Yahoo Finance non-GAAP,Analysts: 20. Provider period label; actual retrieval timestamp. Revenue is not labeled non-GAAP. Historical revision fields are not imported.,NASDAQ:ALAB,IDEA-0003,2026-09-27T14:25:41+09:00,2026-09-30,quarterly,consensus,per share,USD,non-GAAP,https://finance.yahoo.com/quote/ALAB/analysis/,349032a383d06b36d0ef431c1ca5bf1b2573cdba7ac80cbd91066d28a3769db9,live,
MET-0310,2026-09-27,ALAB,,Quarterly revenue consensus,유지,550.63635,550.63635,0%,Yahoo Finance non-GAAP,Analysts: 18. Provider period label; actual retrieval timestamp. Revenue is not labeled non-GAAP. Historical revision fields are not imported.,NASDAQ:ALAB,IDEA-0003,2026-09-27T14:25:41+09:00,2026-09-30,quarterly,consensus,million,USD,not-applicable,https://finance.yahoo.com/quote/ALAB/analysis/,f8bdf8c7202d20aba62e48f4e235103ccb5ac98b8b369c25ffa641bbf8eba8f4,live,
MET-0311,2026-09-27,ALAB,,Quarterly EPS consensus,유지,1.41847,1.41847,0%,Yahoo Finance non-GAAP,Analysts: 20. Provider period label; actual retrieval timestamp. Revenue is not labeled non-GAAP. Historical revision fields are not imported.,NASDAQ:ALAB,IDEA-0003,2026-09-27T14:25:41+09:00,2026-12-31,quarterly,consensus,per share,USD,non-GAAP,https://finance.yahoo.com/quote/ALAB/analysis/,8bb30ed62cd8e1fadb5f0e27adb6dd9a0c17fa9a0ed99113134f886121dd0868,live,
MET-0312,2026-09-27,ALAB,,Quarterly revenue consensus,유지,655.30752,655.30752,0%,Yahoo Finance non-GAAP,Analysts: 18. Provider period label; actual retrieval timestamp. Revenue is not labeled non-GAAP. Historical revision fields are not imported.,NASDAQ:ALAB,IDEA-0003,2026-09-27T14:25:41+09:00,2026-12-31,quarterly,consensus,million,USD,not-applicable,https://finance.yahoo.com/quote/ALAB/analysis/,72d44a64a929dc2d9bf2eb9615f960d03bba1b2676feea69cfb393b83e96f0fb,live,
MET-0313,2026-09-27,MRVL,,Quarterly EPS consensus,유지,1.09978,1.09978,0%,Yahoo Finance non-GAAP,Analysts: 34. Provider period label; actual retrieval timestamp. Revenue is not labeled non-GAAP. Historical revision fields are not imported.,NASDAQ:MRVL,IDEA-0004,2026-09-27T14:25:41+09:00,2026-10-31,quarterly,consensus,per share,USD,non-GAAP,https://finance.yahoo.com/quote/MRVL/analysis/,c55dae50c4a1887e277fd088d91b01e8557f1ed5c6fcb6bf90a25ffbc73d32be,live,
MET-0314,2026-09-27,MRVL,,Quarterly revenue consensus,유지,3149.22325,3149.22325,0%,Yahoo Finance non-GAAP,Analysts: 33. Provider period label; actual retrieval timestamp. Revenue is not labeled non-GAAP. Historical revision fields are not imported.,NASDAQ:MRVL,IDEA-0004,2026-09-27T14:25:41+09:00,2026-10-31,quarterly,consensus,million,USD,not-applicable,https://finance.yahoo.com/quote/MRVL/analysis/,51beb7ce9ec6e1468822372dc2927e4c809225e4fff2a2419a6617973db1b480,live,
MET-0315,2026-09-27,MRVL,,Quarterly EPS consensus,유지,1.35573,1.35573,0%,Yahoo Finance non-GAAP,Analysts: 33. Provider period label; actual retrieval timestamp. Revenue is not labeled non-GAAP. Historical revision fields are not imported.,NASDAQ:MRVL,IDEA-0004,2026-09-27T14:25:41+09:00,2027-01-31,quarterly,consensus,per share,USD,non-GAAP,https://finance.yahoo.com/quote/MRVL/analysis/,9d6204bee5694fc72a6a16c08474443ee448e33ee0637876522978f01409e0c6,live,
MET-0316,2026-09-27,MRVL,,Quarterly revenue consensus,유지,3720.50093,3720.50093,0%,Yahoo Finance non-GAAP,Analysts: 32. Provider period label; actual retrieval timestamp. Revenue is not labeled non-GAAP. Historical revision fields are not imported.,NASDAQ:MRVL,IDEA-0004,2026-09-27T14:25:41+09:00,2027-01-31,quarterly,consensus,million,USD,not-applicable,https://finance.yahoo.com/quote/MRVL/analysis/,2b544a8ecdecc8e9f6fa19cf06707188f1f262594cb927f32d86578bba909084,live,
MET-0317,2026-09-27,CRDO,,Regular session price,유지,210.97,210.97,0%,Yahoo Finance chart,"{""market_time_utc"": ""2026-09-25T20:00:01+00:00"", ""session"": ""regular"", ""limitation"": ""Latest regular-session quote, not necessarily a closing auction price. Retrieval date is not trading date.""}",NASDAQ:CRDO,IDEA-0002,2026-09-27T14:40:05.788347+09:00,,,price,per share,USD,not-applicable,https://query1.finance.yahoo.com/v8/finance/chart/CRDO?range=5d&interval=1d,30aaec7cedb99ea19b436b8545016d5808f657935e456d5a82b955df187fe6b9,live,
MET-0318,2026-09-27,ALAB,,Regular session price,유지,364.62,364.62,0%,Yahoo Finance chart,"{""market_time_utc"": ""2026-09-25T20:00:01+00:00"", ""session"": ""regular"", ""limitation"": ""Latest regular-session quote, not necessarily a closing auction price. Retrieval date is not trading date.""}",NASDAQ:ALAB,IDEA-0003,2026-09-27T14:40:05.875671+09:00,,,price,per share,USD,not-applicable,https://query1.finance.yahoo.com/v8/finance/chart/ALAB?range=5d&interval=1d,3ef6abddda4e49ddfb538ae97ea5dd5ba098524d815579225109c5438cdf2a0b,live,
MET-0319,2026-09-27,MRVL,,Regular session price,유지,261.935,261.935,0%,Yahoo Finance chart,"{""market_time_utc"": ""2026-09-25T20:00:01+00:00"", ""session"": ""regular"", ""limitation"": ""Latest regular-session quote, not necessarily a closing auction price. Retrieval date is not trading date.""}",NASDAQ:MRVL,IDEA-0004,2026-09-27T14:40:05.956427+09:00,,,price,per share,USD,not-applicable,https://query1.finance.yahoo.com/v8/finance/chart/MRVL?range=5d&interval=1d,acb38cf4fa7de6e0dc76cefde3498c62e3fb5ac75af75b9216ed81dcf7be76fc,live,
MET-0320,2026-09-28,CRDO,,EPS consensus,유지,6.30509,6.30509,0%,Yahoo Finance non-GAAP,"Analysts: 19. Period end is the provider label, not independently inferred issuer year end. Observation is retrieval date; no historical revision inferred.",NASDAQ:CRDO,IDEA-0002,2026-09-28,2027-04-30,annual,consensus,per share,USD,non-GAAP,https://finance.yahoo.com/quote/CRDO/analysis/,6cfeefa0ffdf4d39ebd60c337d38f576eeeebee09b48534370adaa4cbd7a56c9,live,
MET-0321,2026-09-28,CRDO,,EPS consensus,유지,9.70487,9.70487,0%,Yahoo Finance non-GAAP,"Analysts: 19. Period end is the provider label, not independently inferred issuer year end. Observation is retrieval date; no historical revision inferred.",NASDAQ:CRDO,IDEA-0002,2026-09-28,2028-04-30,annual,consensus,per share,USD,non-GAAP,https://finance.yahoo.com/quote/CRDO/analysis/,71e634d9dbfef64e2856f4ee7f7ce995c87202219cad7d3085199ab65e1a8b55,live,
MET-0322,2026-09-28,ALAB,,EPS consensus,유지,4.0322,4.0322,0%,Yahoo Finance non-GAAP,"Analysts: 21. Period end is the provider label, not independently inferred issuer year end. Observation is retrieval date; no historical revision inferred.",NASDAQ:ALAB,IDEA-0003,2026-09-28,2026-12-31,annual,consensus,per share,USD,non-GAAP,https://finance.yahoo.com/quote/ALAB/analysis/,87c1fbe49c42a54588d7806e116c6bcf07f9cfba0b973ae22b3b56d8acad9343,live,
MET-0323,2026-09-28,ALAB,,EPS consensus,유지,6.39348,6.39348,0%,Yahoo Finance non-GAAP,"Analysts: 23. Period end is the provider label, not independently inferred issuer year end. Observation is retrieval date; no historical revision inferred.",NASDAQ:ALAB,IDEA-0003,2026-09-28,2027-12-31,annual,consensus,per share,USD,non-GAAP,https://finance.yahoo.com/quote/ALAB/analysis/,ad1223c60142222b53ce3ea2aa7693483d765147fa03a8c31b414b2782182aea,live,
MET-0324,2026-09-28,MRVL,,EPS consensus,유지,4.2113,4.2113,0%,Yahoo Finance non-GAAP,"Analysts: 40. Period end is the provider label, not independently inferred issuer year end. Observation is retrieval date; no historical revision inferred.",NASDAQ:MRVL,IDEA-0004,2026-09-28,2027-01-31,annual,consensus,per share,USD,non-GAAP,https://finance.yahoo.com/quote/MRVL/analysis/,24ce95ae91cdacf8d152cfacae258ff1efdd2aa3c8bdf120d078b812c7c83dbc,live,
MET-0325,2026-09-28,MRVL,,EPS consensus,유지,6.75725,6.75725,0%,Yahoo Finance non-GAAP,"Analysts: 42. Period end is the provider label, not independently inferred issuer year end. Observation is retrieval date; no historical revision inferred.",NASDAQ:MRVL,IDEA-0004,2026-09-28,2028-01-31,annual,consensus,per share,USD,non-GAAP,https://finance.yahoo.com/quote/MRVL/analysis/,55188286a9e1e2d8deb86bc245c78ddbc8f70499b3dd5f4ba31b733c382d2568,live,
MET-0326,2026-09-28,CRDO,,Quarterly EPS consensus,유지,1.28252,1.28252,0%,Yahoo Finance non-GAAP,Analysts: 17. Provider period label; actual retrieval timestamp. Revenue is not labeled non-GAAP. Historical revision fields are not imported.,NASDAQ:CRDO,IDEA-0002,2026-09-28T14:32:52+09:00,2026-10-31,quarterly,consensus,per share,USD,non-GAAP,https://finance.yahoo.com/quote/CRDO/analysis/,8fd3e39395a3a9f9d73d216114ef214524c2eff2646acb3d9579154a75460144,live,
MET-0327,2026-09-28,CRDO,,Quarterly revenue consensus,유지,531.75574,531.75574,0%,Yahoo Finance non-GAAP,Analysts: 16. Provider period label; actual retrieval timestamp. Revenue is not labeled non-GAAP. Historical revision fields are not imported.,NASDAQ:CRDO,IDEA-0002,2026-09-28T14:32:52+09:00,2026-10-31,quarterly,consensus,million,USD,not-applicable,https://finance.yahoo.com/quote/CRDO/analysis/,9cd538c5151ee7af82660b7010cee7c59c53f7ed9c9a6a487b1027a58f4009d8,live,
MET-0328,2026-09-28,CRDO,,Quarterly EPS consensus,유지,1.59273,1.59273,0%,Yahoo Finance non-GAAP,Analysts: 16. Provider period label; actual retrieval timestamp. Revenue is not labeled non-GAAP. Historical revision fields are not imported.,NASDAQ:CRDO,IDEA-0002,2026-09-28T14:32:52+09:00,2027-01-31,quarterly,consensus,per share,USD,non-GAAP,https://finance.yahoo.com/quote/CRDO/analysis/,8bc25b9396400554c360b61d690d3ea7add35554e76866b04dd7a612c406531b,live,
MET-0329,2026-09-28,CRDO,,Quarterly revenue consensus,유지,638.75488,638.75488,0%,Yahoo Finance non-GAAP,Analysts: 15. Provider period label; actual retrieval timestamp. Revenue is not labeled non-GAAP. Historical revision fields are not imported.,NASDAQ:CRDO,IDEA-0002,2026-09-28T14:32:52+09:00,2027-01-31,quarterly,consensus,million,USD,not-applicable,https://finance.yahoo.com/quote/CRDO/analysis/,6af56217c7ef4cfb059316b2948948fc7353490cf528e7de0a2586a898a44802,live,
MET-0330,2026-09-28,ALAB,,Quarterly EPS consensus,유지,1.19161,1.19161,0%,Yahoo Finance non-GAAP,Analysts: 20. Provider period label; actual retrieval timestamp. Revenue is not labeled non-GAAP. Historical revision fields are not imported.,NASDAQ:ALAB,IDEA-0003,2026-09-28T14:32:52+09:00,2026-09-30,quarterly,consensus,per share,USD,non-GAAP,https://finance.yahoo.com/quote/ALAB/analysis/,978094fa93713c8791e1462aed8732902e3bed1163430b61f8f4f1e9c8abc59a,live,
MET-0331,2026-09-28,ALAB,,Quarterly revenue consensus,유지,550.63635,550.63635,0%,Yahoo Finance non-GAAP,Analysts: 18. Provider period label; actual retrieval timestamp. Revenue is not labeled non-GAAP. Historical revision fields are not imported.,NASDAQ:ALAB,IDEA-0003,2026-09-28T14:32:52+09:00,2026-09-30,quarterly,consensus,million,USD,not-applicable,https://finance.yahoo.com/quote/ALAB/analysis/,0d85e276d7385aa4d55740107178c6a422e248dced9916934072956512bdf38e,live,
MET-0332,2026-09-28,ALAB,,Quarterly EPS consensus,유지,1.41847,1.41847,0%,Yahoo Finance non-GAAP,Analysts: 20. Provider period label; actual retrieval timestamp. Revenue is not labeled non-GAAP. Historical revision fields are not imported.,NASDAQ:ALAB,IDEA-0003,2026-09-28T14:32:52+09:00,2026-12-31,quarterly,consensus,per share,USD,non-GAAP,https://finance.yahoo.com/quote/ALAB/analysis/,9aebe7c0c690b69d09d2eb37b6ceaf0a0b8c92746d944042e2636e77adef5832,live,
MET-0333,2026-09-28,ALAB,,Quarterly revenue consensus,유지,655.30752,655.30752,0%,Yahoo Finance non-GAAP,Analysts: 18. Provider period label; actual retrieval timestamp. Revenue is not labeled non-GAAP. Historical revision fields are not imported.,NASDAQ:ALAB,IDEA-0003,2026-09-28T14:32:52+09:00,2026-12-31,quarterly,consensus,million,USD,not-applicable,https://finance.yahoo.com/quote/ALAB/analysis/,09796561f9df97b1de729b5b561c997299b78047956649c1515b43fd38bd42d7,live,
MET-0334,2026-09-28,MRVL,,Quarterly EPS consensus,유지,1.09978,1.09978,0%,Yahoo Finance non-GAAP,Analysts: 34. Provider period label; actual retrieval timestamp. Revenue is not labeled non-GAAP. Historical revision fields are not imported.,NASDAQ:MRVL,IDEA-0004,2026-09-28T14:32:52+09:00,2026-10-31,quarterly,consensus,per share,USD,non-GAAP,https://finance.yahoo.com/quote/MRVL/analysis/,2764e15663084cfeebd80fc9e921ef2ef737bf4de9944193d93c803563378f32,live,
MET-0335,2026-09-28,MRVL,,Quarterly revenue consensus,유지,3149.22325,3149.22325,0%,Yahoo Finance non-GAAP,Analysts: 33. Provider period label; actual retrieval timestamp. Revenue is not labeled non-GAAP. Historical revision fields are not imported.,NASDAQ:MRVL,IDEA-0004,2026-09-28T14:32:52+09:00,2026-10-31,quarterly,consensus,million,USD,not-applicable,https://finance.yahoo.com/quote/MRVL/analysis/,38b274677607f4c51cf42e5b50d45cdf3e9c3d81d5f8256e2ad4b745421bb7cd,live,
MET-0336,2026-09-28,MRVL,,Quarterly EPS consensus,유지,1.35573,1.35573,0%,Yahoo Finance non-GAAP,Analysts: 33. Provider period label; actual retrieval timestamp. Revenue is not labeled non-GAAP. Historical revision fields are not imported.,NASDAQ:MRVL,IDEA-0004,2026-09-28T14:32:52+09:00,2027-01-31,quarterly,consensus,per share,USD,non-GAAP,https://finance.yahoo.com/quote/MRVL/analysis/,398607679c7de841c7b9e70159c22c67d1e5cb1f4b1fe394882b6bc9afc0c22b,live,
MET-0337,2026-09-28,MRVL,,Quarterly revenue consensus,유지,3720.50093,3720.50093,0%,Yahoo Finance non-GAAP,Analysts: 32. Provider period label; actual retrieval timestamp. Revenue is not labeled non-GAAP. Historical revision fields are not imported.,NASDAQ:MRVL,IDEA-0004,2026-09-28T14:32:52+09:00,2027-01-31,quarterly,consensus,million,USD,not-applicable,https://finance.yahoo.com/quote/MRVL/analysis/,7af7c291790b2b8b0dae6df7c7d85574bd51b6f21af352eaa12609ffa04857fa,live,
MET-0338,2026-09-28,CRDO,,Regular session price,유지,210.97,210.97,0%,Yahoo Finance chart,"{""market_time_utc"": ""2026-09-25T20:00:01+00:00"", ""session"": ""regular"", ""limitation"": ""Latest regular-session quote, not necessarily a closing auction price. Retrieval date is not trading date.""}",NASDAQ:CRDO,IDEA-0002,2026-09-28T14:47:16.749937+09:00,,,price,per share,USD,not-applicable,https://query1.finance.yahoo.com/v8/finance/chart/CRDO?range=5d&interval=1d,8c2f40e0c084f6e20d9275e61555da2eed9a3ad2a47d05103c13263d496f78f7,live,
MET-0339,2026-09-28,ALAB,,Regular session price,유지,364.62,364.62,0%,Yahoo Finance chart,"{""market_time_utc"": ""2026-09-25T20:00:01+00:00"", ""session"": ""regular"", ""limitation"": ""Latest regular-session quote, not necessarily a closing auction price. Retrieval date is not trading date.""}",NASDAQ:ALAB,IDEA-0003,2026-09-28T14:47:16.815029+09:00,,,price,per share,USD,not-applicable,https://query1.finance.yahoo.com/v8/finance/chart/ALAB?range=5d&interval=1d,ae23cd8fdf571554f3306f844951d1b81c1adc23a722cd73c9c3900a3f1531db,live,
MET-0340,2026-09-28,MRVL,,Regular session price,유지,261.935,261.935,0%,Yahoo Finance chart,"{""market_time_utc"": ""2026-09-25T20:00:01+00:00"", ""session"": ""regular"", ""limitation"": ""Latest regular-session quote, not necessarily a closing auction price. Retrieval date is not trading date.""}",NASDAQ:MRVL,IDEA-0004,2026-09-28T14:47:16.894245+09:00,,,price,per share,USD,not-applicable,https://query1.finance.yahoo.com/v8/finance/chart/MRVL?range=5d&interval=1d,2a26fd0a52df3e90d8303999e6305f3a282879e146b338c77012185dd0627aa9,live,
MET-0341,2026-09-29,CRDO,,EPS consensus,유지,6.30509,6.30509,0%,Yahoo Finance non-GAAP,"Analysts: 19. Period end is the provider label, not independently inferred issuer year end. Observation is retrieval date; no historical revision inferred.",NASDAQ:CRDO,IDEA-0002,2026-09-29,2027-04-30,annual,consensus,per share,USD,non-GAAP,https://finance.yahoo.com/quote/CRDO/analysis/,e51c88e6aac2ae1612d8d995f0c4260d5f1ae011062e5657f096fd971bc133f5,live,
MET-0342,2026-09-29,CRDO,,EPS consensus,유지,9.70487,9.70487,0%,Yahoo Finance non-GAAP,"Analysts: 19. Period end is the provider label, not independently inferred issuer year end. Observation is retrieval date; no historical revision inferred.",NASDAQ:CRDO,IDEA-0002,2026-09-29,2028-04-30,annual,consensus,per share,USD,non-GAAP,https://finance.yahoo.com/quote/CRDO/analysis/,d791d5b98afe6bfa1a8c08f007ae0f5c0f48cd62831054701acf1c5ec4837dd6,live,
MET-0343,2026-09-29,ALAB,,EPS consensus,유지,4.0322,4.0322,0%,Yahoo Finance non-GAAP,"Analysts: 21. Period end is the provider label, not independently inferred issuer year end. Observation is retrieval date; no historical revision inferred.",NASDAQ:ALAB,IDEA-0003,2026-09-29,2026-12-31,annual,consensus,per share,USD,non-GAAP,https://finance.yahoo.com/quote/ALAB/analysis/,11c4e05b22a9b055ad29d61ef71535306d8b67c30fc0e6d92154a96438f39b7c,live,
MET-0344,2026-09-29,ALAB,,EPS consensus,유지,6.39348,6.39348,0%,Yahoo Finance non-GAAP,"Analysts: 23. Period end is the provider label, not independently inferred issuer year end. Observation is retrieval date; no historical revision inferred.",NASDAQ:ALAB,IDEA-0003,2026-09-29,2027-12-31,annual,consensus,per share,USD,non-GAAP,https://finance.yahoo.com/quote/ALAB/analysis/,f911e2afd2c5a11ac4c91f0fb2201ce42b9a31cfcbd8429a245542641aefd1b4,live,
MET-0345,2026-09-29,MRVL,,EPS consensus,유지,4.2113,4.2113,0%,Yahoo Finance non-GAAP,"Analysts: 40. Period end is the provider label, not independently inferred issuer year end. Observation is retrieval date; no historical revision inferred.",NASDAQ:MRVL,IDEA-0004,2026-09-29,2027-01-31,annual,consensus,per share,USD,non-GAAP,https://finance.yahoo.com/quote/MRVL/analysis/,013021ee1245ed0055cb76b58cad79864b82bebe84895ebb725502543ec084bf,live,
MET-0346,2026-09-29,MRVL,,EPS consensus,상향,6.75725,6.76913,0.1758%,Yahoo Finance non-GAAP,"Analysts: 42. Period end is the provider label, not independently inferred issuer year end. Observation is retrieval date; no historical revision inferred.",NASDAQ:MRVL,IDEA-0004,2026-09-29,2028-01-31,annual,consensus,per share,USD,non-GAAP,https://finance.yahoo.com/quote/MRVL/analysis/,96e12ea20e6f0d8e338c80544defd054ea089df854c11b3ae8a403473b9e8d09,live,
MET-0347,2026-09-29,CRDO,,Quarterly EPS consensus,유지,1.28252,1.28252,0%,Yahoo Finance non-GAAP,Analysts: 17. Provider period label; actual retrieval timestamp. Revenue is not labeled non-GAAP. Historical revision fields are not imported.,NASDAQ:CRDO,IDEA-0002,2026-09-29T14:53:53+09:00,2026-10-31,quarterly,consensus,per share,USD,non-GAAP,https://finance.yahoo.com/quote/CRDO/analysis/,ea6c237418c61043c0b9dad0ce757871c118f967146bba9b4aad1e96462aa698,live,
MET-0348,2026-09-29,CRDO,,Quarterly revenue consensus,유지,531.75574,531.75574,0%,Yahoo Finance non-GAAP,Analysts: 16. Provider period label; actual retrieval timestamp. Revenue is not labeled non-GAAP. Historical revision fields are not imported.,NASDAQ:CRDO,IDEA-0002,2026-09-29T14:53:53+09:00,2026-10-31,quarterly,consensus,million,USD,not-applicable,https://finance.yahoo.com/quote/CRDO/analysis/,28ba862104e3818d15f948e2155138c8da8cf2c47597cb8abacbd4b10256dae7,live,
MET-0349,2026-09-29,CRDO,,Quarterly EPS consensus,유지,1.59273,1.59273,0%,Yahoo Finance non-GAAP,Analysts: 16. Provider period label; actual retrieval timestamp. Revenue is not labeled non-GAAP. Historical revision fields are not imported.,NASDAQ:CRDO,IDEA-0002,2026-09-29T14:53:53+09:00,2027-01-31,quarterly,consensus,per share,USD,non-GAAP,https://finance.yahoo.com/quote/CRDO/analysis/,bb55160d26e2a1759d6fd2792d673c8a8400b5a7353901809cb5594163b84ef2,live,
MET-0350,2026-09-29,CRDO,,Quarterly revenue consensus,유지,638.75488,638.75488,0%,Yahoo Finance non-GAAP,Analysts: 15. Provider period label; actual retrieval timestamp. Revenue is not labeled non-GAAP. Historical revision fields are not imported.,NASDAQ:CRDO,IDEA-0002,2026-09-29T14:53:53+09:00,2027-01-31,quarterly,consensus,million,USD,not-applicable,https://finance.yahoo.com/quote/CRDO/analysis/,b78eb64cf77fb33a7cf15b5b1550790714e241a1f28708684376709b4e1d1e50,live,
MET-0351,2026-09-29,ALAB,,Quarterly EPS consensus,유지,1.19161,1.19161,0%,Yahoo Finance non-GAAP,Analysts: 20. Provider period label; actual retrieval timestamp. Revenue is not labeled non-GAAP. Historical revision fields are not imported.,NASDAQ:ALAB,IDEA-0003,2026-09-29T14:53:53+09:00,2026-09-30,quarterly,consensus,per share,USD,non-GAAP,https://finance.yahoo.com/quote/ALAB/analysis/,432fb67461456a520573715778a8d2297596f1f208e0fc84a0475571d0836d31,live,
MET-0352,2026-09-29,ALAB,,Quarterly revenue consensus,유지,550.63635,550.63635,0%,Yahoo Finance non-GAAP,Analysts: 18. Provider period label; actual retrieval timestamp. Revenue is not labeled non-GAAP. Historical revision fields are not imported.,NASDAQ:ALAB,IDEA-0003,2026-09-29T14:53:53+09:00,2026-09-30,quarterly,consensus,million,USD,not-applicable,https://finance.yahoo.com/quote/ALAB/analysis/,e4bdcdfe6bde358e8c0df40baf347ac1e57f0ef3c0389473860653222f244c50,live,
MET-0353,2026-09-29,ALAB,,Quarterly EPS consensus,유지,1.41847,1.41847,0%,Yahoo Finance non-GAAP,Analysts: 20. Provider period label; actual retrieval timestamp. Revenue is not labeled non-GAAP. Historical revision fields are not imported.,NASDAQ:ALAB,IDEA-0003,2026-09-29T14:53:53+09:00,2026-12-31,quarterly,consensus,per share,USD,non-GAAP,https://finance.yahoo.com/quote/ALAB/analysis/,8f588344aa1a5947895854618512daf7ee5685f70996ac8587bd19cfc6502aaa,live,
MET-0354,2026-09-29,ALAB,,Quarterly revenue consensus,유지,655.30752,655.30752,0%,Yahoo Finance non-GAAP,Analysts: 18. Provider period label; actual retrieval timestamp. Revenue is not labeled non-GAAP. Historical revision fields are not imported.,NASDAQ:ALAB,IDEA-0003,2026-09-29T14:53:53+09:00,2026-12-31,quarterly,consensus,million,USD,not-applicable,https://finance.yahoo.com/quote/ALAB/analysis/,c6b38922c5f2fc53344e6fad5a19c09c0abb38ee66c8073ce4107a2abfe096b8,live,
MET-0355,2026-09-29,MRVL,,Quarterly EPS consensus,유지,1.09978,1.09978,0%,Yahoo Finance non-GAAP,Analysts: 34. Provider period label; actual retrieval timestamp. Revenue is not labeled non-GAAP. Historical revision fields are not imported.,NASDAQ:MRVL,IDEA-0004,2026-09-29T14:53:54+09:00,2026-10-31,quarterly,consensus,per share,USD,non-GAAP,https://finance.yahoo.com/quote/MRVL/analysis/,4d22b4f2c3392db0ea72daab2216e8243ac26557c57ff72ef6f18e116e91cf97,live,
MET-0356,2026-09-29,MRVL,,Quarterly revenue consensus,유지,3149.22325,3149.22325,0%,Yahoo Finance non-GAAP,Analysts: 33. Provider period label; actual retrieval timestamp. Revenue is not labeled non-GAAP. Historical revision fields are not imported.,NASDAQ:MRVL,IDEA-0004,2026-09-29T14:53:54+09:00,2026-10-31,quarterly,consensus,million,USD,not-applicable,https://finance.yahoo.com/quote/MRVL/analysis/,2d9e2b07b119ef5780dd20effd5c68e5d177ec7d72c36ca3efe6371771b755ae,live,
MET-0357,2026-09-29,MRVL,,Quarterly EPS consensus,유지,1.35573,1.35573,0%,Yahoo Finance non-GAAP,Analysts: 33. Provider period label; actual retrieval timestamp. Revenue is not labeled non-GAAP. Historical revision fields are not imported.,NASDAQ:MRVL,IDEA-0004,2026-09-29T14:53:54+09:00,2027-01-31,quarterly,consensus,per share,USD,non-GAAP,https://finance.yahoo.com/quote/MRVL/analysis/,43799c83f11279f50e21f00aa15f407d6ef9c399e6a9702405211f5b96166dfe,live,
MET-0358,2026-09-29,MRVL,,Quarterly revenue consensus,유지,3720.50093,3720.50093,0%,Yahoo Finance non-GAAP,Analysts: 32. Provider period label; actual retrieval timestamp. Revenue is not labeled non-GAAP. Historical revision fields are not imported.,NASDAQ:MRVL,IDEA-0004,2026-09-29T14:53:54+09:00,2027-01-31,quarterly,consensus,million,USD,not-applicable,https://finance.yahoo.com/quote/MRVL/analysis/,fa26df21bc2491f6afcda28578dd928a3e7141777317705f522f6aaabb576325,live,
MET-0359,2026-09-29,CRDO,,Regular session price,하향,210.97,192.67,-8.674%,Yahoo Finance chart,"{""market_time_utc"": ""2026-09-28T20:00:01+00:00"", ""session"": ""regular"", ""limitation"": ""Latest regular-session quote, not necessarily a closing auction price. Retrieval date is not trading date.""}",NASDAQ:CRDO,IDEA-0002,2026-09-29T15:08:30.960304+09:00,,,price,per share,USD,not-applicable,https://query1.finance.yahoo.com/v8/finance/chart/CRDO?range=5d&interval=1d,aa43b21600a639392dd9e7cefee09f8f1eb5ee2a4aaad336469a797d32b9e4a3,live,
MET-0360,2026-09-29,ALAB,,Regular session price,하향,364.62,351.31,-3.65%,Yahoo Finance chart,"{""market_time_utc"": ""2026-09-28T20:00:01+00:00"", ""session"": ""regular"", ""limitation"": ""Latest regular-session quote, not necessarily a closing auction price. Retrieval date is not trading date.""}",NASDAQ:ALAB,IDEA-0003,2026-09-29T15:08:31.038689+09:00,,,price,per share,USD,not-applicable,https://query1.finance.yahoo.com/v8/finance/chart/ALAB?range=5d&interval=1d,1a962510df2c0e29aa2650e1346094b3ca41a9bc2440f85842103f686803c0fb,live,
MET-0361,2026-09-29,MRVL,,Regular session price,하향,261.935,251.9,-3.831%,Yahoo Finance chart,"{""market_time_utc"": ""2026-09-28T20:00:01+00:00"", ""session"": ""regular"", ""limitation"": ""Latest regular-session quote, not necessarily a closing auction price. Retrieval date is not trading date.""}",NASDAQ:MRVL,IDEA-0004,2026-09-29T15:08:31.182370+09:00,,,price,per share,USD,not-applicable,https://query1.finance.yahoo.com/v8/finance/chart/MRVL?range=5d&interval=1d,827d3adf5ebec4224593bec04a3aaf7a36ac664fea2d4689d98faf63e3f4ee77,live,
MET-0362,2026-09-30,CRDO,,EPS consensus,유지,6.30509,6.30509,0%,Yahoo Finance non-GAAP,"Analysts: 19. Period end is the provider label, not independently inferred issuer year end. Observation is retrieval date; no historical revision inferred.",NASDAQ:CRDO,IDEA-0002,2026-09-30,2027-04-30,annual,consensus,per share,USD,non-GAAP,https://finance.yahoo.com/quote/CRDO/analysis/,f2b8efd3f660cde523f0772d278e27bf168b984b793305dc1d93770f455686e0,live,
MET-0363,2026-09-30,CRDO,,EPS consensus,유지,9.70487,9.70487,0%,Yahoo Finance non-GAAP,"Analysts: 19. Period end is the provider label, not independently inferred issuer year end. Observation is retrieval date; no historical revision inferred.",NASDAQ:CRDO,IDEA-0002,2026-09-30,2028-04-30,annual,consensus,per share,USD,non-GAAP,https://finance.yahoo.com/quote/CRDO/analysis/,a8a9cab162e9b256c8916fd7863315786ae714d7209ce8b5e4c166752a55a7fa,live,
MET-0364,2026-09-30,ALAB,,EPS consensus,유지,4.0322,4.0322,0%,Yahoo Finance non-GAAP,"Analysts: 21. Period end is the provider label, not independently inferred issuer year end. Observation is retrieval date; no historical revision inferred.",NASDAQ:ALAB,IDEA-0003,2026-09-30,2026-12-31,annual,consensus,per share,USD,non-GAAP,https://finance.yahoo.com/quote/ALAB/analysis/,6372e81a8ebfad6e7fd2b6df9f5e4ff26e252e28490a21ef702c5017c7f5f8d0,live,
MET-0365,2026-09-30,ALAB,,EPS consensus,유지,6.39348,6.39348,0%,Yahoo Finance non-GAAP,"Analysts: 23. Period end is the provider label, not independently inferred issuer year end. Observation is retrieval date; no historical revision inferred.",NASDAQ:ALAB,IDEA-0003,2026-09-30,2027-12-31,annual,consensus,per share,USD,non-GAAP,https://finance.yahoo.com/quote/ALAB/analysis/,83b18e905c437a9bd51aeb0530a6233950055b6b6e8d3e9c8a53a4993312a767,live,
MET-0366,2026-09-30,MRVL,,EPS consensus,유지,4.2113,4.2113,0%,Yahoo Finance non-GAAP,"Analysts: 40. Period end is the provider label, not independently inferred issuer year end. Observation is retrieval date; no historical revision inferred.",NASDAQ:MRVL,IDEA-0004,2026-09-30,2027-01-31,annual,consensus,per share,USD,non-GAAP,https://finance.yahoo.com/quote/MRVL/analysis/,2f4c23474091c2fa31a1f1276ad311efb64faef798b9e4640a425f18d74d4eb4,live,
MET-0367,2026-09-30,MRVL,,EPS consensus,유지,6.76913,6.76913,0%,Yahoo Finance non-GAAP,"Analysts: 42. Period end is the provider label, not independently inferred issuer year end. Observation is retrieval date; no historical revision inferred.",NASDAQ:MRVL,IDEA-0004,2026-09-30,2028-01-31,annual,consensus,per share,USD,non-GAAP,https://finance.yahoo.com/quote/MRVL/analysis/,9cd2c19ca57804283b2a9c1752b256b3b7a491321969e3cfd64e1b3e0d7afb96,live,
MET-0368,2026-09-30,CRDO,,Quarterly EPS consensus,유지,1.28252,1.28252,0%,Yahoo Finance non-GAAP,Analysts: 17. Provider period label; actual retrieval timestamp. Revenue is not labeled non-GAAP. Historical revision fields are not imported.,NASDAQ:CRDO,IDEA-0002,2026-09-30T14:41:33+09:00,2026-10-31,quarterly,consensus,per share,USD,non-GAAP,https://finance.yahoo.com/quote/CRDO/analysis/,23d096d166fb6f51487d8f84430a3062471a4383b882fc1496de790304e1c233,live,
MET-0369,2026-09-30,CRDO,,Quarterly revenue consensus,유지,531.75574,531.75574,0%,Yahoo Finance non-GAAP,Analysts: 16. Provider period label; actual retrieval timestamp. Revenue is not labeled non-GAAP. Historical revision fields are not imported.,NASDAQ:CRDO,IDEA-0002,2026-09-30T14:41:33+09:00,2026-10-31,quarterly,consensus,million,USD,not-applicable,https://finance.yahoo.com/quote/CRDO/analysis/,0163d21c7506b6cfea8f6ee9a22da14fb849204c988a9353e19e9c4e0a858064,live,
MET-0370,2026-09-30,CRDO,,Quarterly EPS consensus,유지,1.59273,1.59273,0%,Yahoo Finance non-GAAP,Analysts: 16. Provider period label; actual retrieval timestamp. Revenue is not labeled non-GAAP. Historical revision fields are not imported.,NASDAQ:CRDO,IDEA-0002,2026-09-30T14:41:33+09:00,2027-01-31,quarterly,consensus,per share,USD,non-GAAP,https://finance.yahoo.com/quote/CRDO/analysis/,193bf44e0a18de72af4849ada629083acc7a1a6a95c63da7ae8aa05b517135f3,live,
MET-0371,2026-09-30,CRDO,,Quarterly revenue consensus,유지,638.75488,638.75488,0%,Yahoo Finance non-GAAP,Analysts: 15. Provider period label; actual retrieval timestamp. Revenue is not labeled non-GAAP. Historical revision fields are not imported.,NASDAQ:CRDO,IDEA-0002,2026-09-30T14:41:33+09:00,2027-01-31,quarterly,consensus,million,USD,not-applicable,https://finance.yahoo.com/quote/CRDO/analysis/,69c820f9fb3b566eadcb19604539ee75f67c78793756bf2795a4555bd70c1e2f,live,
MET-0372,2026-09-30,ALAB,,Quarterly EPS consensus,유지,1.19161,1.19161,0%,Yahoo Finance non-GAAP,Analysts: 20. Provider period label; actual retrieval timestamp. Revenue is not labeled non-GAAP. Historical revision fields are not imported.,NASDAQ:ALAB,IDEA-0003,2026-09-30T14:41:33+09:00,2026-09-30,quarterly,consensus,per share,USD,non-GAAP,https://finance.yahoo.com/quote/ALAB/analysis/,9902f40770421e52f210c7d6f15600f048b5602481aecba4b70ff15d7f96c9be,live,
MET-0373,2026-09-30,ALAB,,Quarterly revenue consensus,유지,550.63635,550.63635,0%,Yahoo Finance non-GAAP,Analysts: 18. Provider period label; actual retrieval timestamp. Revenue is not labeled non-GAAP. Historical revision fields are not imported.,NASDAQ:ALAB,IDEA-0003,2026-09-30T14:41:33+09:00,2026-09-30,quarterly,consensus,million,USD,not-applicable,https://finance.yahoo.com/quote/ALAB/analysis/,f508c880c08fc4728e15e78cea506d97baa922a69fc0db2921700e615788217a,live,
MET-0374,2026-09-30,ALAB,,Quarterly EPS consensus,유지,1.41847,1.41847,0%,Yahoo Finance non-GAAP,Analysts: 20. Provider period label; actual retrieval timestamp. Revenue is not labeled non-GAAP. Historical revision fields are not imported.,NASDAQ:ALAB,IDEA-0003,2026-09-30T14:41:33+09:00,2026-12-31,quarterly,consensus,per share,USD,non-GAAP,https://finance.yahoo.com/quote/ALAB/analysis/,1b98827438358ffefdd7bbe718ad686f19aef6344151ac076a0039c02b6b94f1,live,
MET-0375,2026-09-30,ALAB,,Quarterly revenue consensus,유지,655.30752,655.30752,0%,Yahoo Finance non-GAAP,Analysts: 18. Provider period label; actual retrieval timestamp. Revenue is not labeled non-GAAP. Historical revision fields are not imported.,NASDAQ:ALAB,IDEA-0003,2026-09-30T14:41:33+09:00,2026-12-31,quarterly,consensus,million,USD,not-applicable,https://finance.yahoo.com/quote/ALAB/analysis/,b2df1a499cb6cd77ccb7ab44324a36264b008fff2e17af3dc7c75ce0e8e4a765,live,
MET-0376,2026-09-30,MRVL,,Quarterly EPS consensus,유지,1.09978,1.09978,0%,Yahoo Finance non-GAAP,Analysts: 34. Provider period label; actual retrieval timestamp. Revenue is not labeled non-GAAP. Historical revision fields are not imported.,NASDAQ:MRVL,IDEA-0004,2026-09-30T14:41:34+09:00,2026-10-31,quarterly,consensus,per share,USD,non-GAAP,https://finance.yahoo.com/quote/MRVL/analysis/,6dab89996eb94fb98676e34eebcc372a35c2330d01066943b0ac69bb374bb41e,live,
MET-0377,2026-09-30,MRVL,,Quarterly revenue consensus,유지,3149.22325,3149.22325,0%,Yahoo Finance non-GAAP,Analysts: 33. Provider period label; actual retrieval timestamp. Revenue is not labeled non-GAAP. Historical revision fields are not imported.,NASDAQ:MRVL,IDEA-0004,2026-09-30T14:41:34+09:00,2026-10-31,quarterly,consensus,million,USD,not-applicable,https://finance.yahoo.com/quote/MRVL/analysis/,db3bb0c3295e65638724556c23af3688be7c50503ffa9175b98710217d3c9488,live,
MET-0378,2026-09-30,MRVL,,Quarterly EPS consensus,유지,1.35573,1.35573,0%,Yahoo Finance non-GAAP,Analysts: 33. Provider period label; actual retrieval timestamp. Revenue is not labeled non-GAAP. Historical revision fields are not imported.,NASDAQ:MRVL,IDEA-0004,2026-09-30T14:41:34+09:00,2027-01-31,quarterly,consensus,per share,USD,non-GAAP,https://finance.yahoo.com/quote/MRVL/analysis/,689811e81fbc4c685531bdefad46d16014c82b2bbbde0874f97771500ed9ba3c,live,
MET-0379,2026-09-30,MRVL,,Quarterly revenue consensus,유지,3720.50093,3720.50093,0%,Yahoo Finance non-GAAP,Analysts: 32. Provider period label; actual retrieval timestamp. Revenue is not labeled non-GAAP. Historical revision fields are not imported.,NASDAQ:MRVL,IDEA-0004,2026-09-30T14:41:34+09:00,2027-01-31,quarterly,consensus,million,USD,not-applicable,https://finance.yahoo.com/quote/MRVL/analysis/,978cef8913542535f5c8215afc35729688cfb04810b5bb1c1fced894fecce12c,live,
MET-0380,2026-09-30,CRDO,,Regular session price,하향,192.67,192.35,-0.1661%,Yahoo Finance chart,"{""market_time_utc"": ""2026-09-29T20:00:01+00:00"", ""session"": ""regular"", ""limitation"": ""Latest regular-session quote, not necessarily a closing auction price. Retrieval date is not trading date.""}",NASDAQ:CRDO,IDEA-0002,2026-09-30T14:55:56.967616+09:00,,,price,per share,USD,not-applicable,https://query1.finance.yahoo.com/v8/finance/chart/CRDO?range=5d&interval=1d,e0f15b08ca791fb928d15a5245ba1d6e6260e02bd294a9d1bb21c02036e9eafd,live,
MET-0381,2026-09-30,ALAB,,Regular session price,상향,351.31,357.84,1.859%,Yahoo Finance chart,"{""market_time_utc"": ""2026-09-29T20:00:01+00:00"", ""session"": ""regular"", ""limitation"": ""Latest regular-session quote, not necessarily a closing auction price. Retrieval date is not trading date.""}",NASDAQ:ALAB,IDEA-0003,2026-09-30T14:55:57.039995+09:00,,,price,per share,USD,not-applicable,https://query1.finance.yahoo.com/v8/finance/chart/ALAB?range=5d&interval=1d,6e9cb3ceee199b04f7ff58a2ef80308ae7f4ab8061a7abaa1c915e8f119f0701,live,
MET-0382,2026-09-30,MRVL,,Regular session price,상향,251.9,263.27,4.514%,Yahoo Finance chart,"{""market_time_utc"": ""2026-09-29T20:00:00+00:00"", ""session"": ""regular"", ""limitation"": ""Latest regular-session quote, not necessarily a closing auction price. Retrieval date is not trading date.""}",NASDAQ:MRVL,IDEA-0004,2026-09-30T14:55:57.127663+09:00,,,price,per share,USD,not-applicable,https://query1.finance.yahoo.com/v8/finance/chart/MRVL?range=5d&interval=1d,e3dea1b4d64966e74663712d91582597a812a705151691fb2e4e3ed25d0963dc,live,
MET-0383,2026-10-01,CRDO,,EPS consensus,상향,6.30509,6.30634,0.01983%,Yahoo Finance non-GAAP,"Analysts: 20. Period end is the provider label, not independently inferred issuer year end. Observation is retrieval date; no historical revision inferred.",NASDAQ:CRDO,IDEA-0002,2026-10-01,2027-04-30,annual,consensus,per share,USD,non-GAAP,https://finance.yahoo.com/quote/CRDO/analysis/,0e0043e2dd30c3428d5666eab5d9c3da932d86eb52d322a41f444269f9a0ed73,live,
MET-0384,2026-10-01,CRDO,,EPS consensus,하향,9.70487,9.69063,-0.1467%,Yahoo Finance non-GAAP,"Analysts: 20. Period end is the provider label, not independently inferred issuer year end. Observation is retrieval date; no historical revision inferred.",NASDAQ:CRDO,IDEA-0002,2026-10-01,2028-04-30,annual,consensus,per share,USD,non-GAAP,https://finance.yahoo.com/quote/CRDO/analysis/,c8a2e34eb0f9474a4292c3d06626e2d655bcad6bfc1d21f4409f38e993727241,live,
MET-0385,2026-10-01,ALAB,,EPS consensus,유지,4.0322,4.0322,0%,Yahoo Finance non-GAAP,"Analysts: 21. Period end is the provider label, not independently inferred issuer year end. Observation is retrieval date; no historical revision inferred.",NASDAQ:ALAB,IDEA-0003,2026-10-01,2026-12-31,annual,consensus,per share,USD,non-GAAP,https://finance.yahoo.com/quote/ALAB/analysis/,8f412453e774a5333d29d43d81d00c725e39111fcce5673fefe14c6f28de83f7,live,
MET-0386,2026-10-01,ALAB,,EPS consensus,유지,6.39348,6.39348,0%,Yahoo Finance non-GAAP,"Analysts: 23. Period end is the provider label, not independently inferred issuer year end. Observation is retrieval date; no historical revision inferred.",NASDAQ:ALAB,IDEA-0003,2026-10-01,2027-12-31,annual,consensus,per share,USD,non-GAAP,https://finance.yahoo.com/quote/ALAB/analysis/,9bf2783faa32499a651f555967e98ad722af5294fdbb7a84ad1312efc0546112,live,
MET-0387,2026-10-01,MRVL,,EPS consensus,유지,4.2113,4.2113,0%,Yahoo Finance non-GAAP,"Analysts: 40. Period end is the provider label, not independently inferred issuer year end. Observation is retrieval date; no historical revision inferred.",NASDAQ:MRVL,IDEA-0004,2026-10-01,2027-01-31,annual,consensus,per share,USD,non-GAAP,https://finance.yahoo.com/quote/MRVL/analysis/,dcf5cbc681f0ab763c0a430ce7d91205959b8cdaa96cc4381cc1df32649a3270,live,
MET-0388,2026-10-01,MRVL,,EPS consensus,유지,6.76913,6.76913,0%,Yahoo Finance non-GAAP,"Analysts: 42. Period end is the provider label, not independently inferred issuer year end. Observation is retrieval date; no historical revision inferred.",NASDAQ:MRVL,IDEA-0004,2026-10-01,2028-01-31,annual,consensus,per share,USD,non-GAAP,https://finance.yahoo.com/quote/MRVL/analysis/,4338ba56e8789403143cc47eb3b606025866da73d8e7a268c95d1abf7865a2ad,live,
MET-0389,2026-10-01,CRDO,,Quarterly EPS consensus,상향,1.28252,1.28294,0.03275%,Yahoo Finance non-GAAP,Analysts: 18. Provider period label; actual retrieval timestamp. Revenue is not labeled non-GAAP. Historical revision fields are not imported.,NASDAQ:CRDO,IDEA-0002,2026-10-01T15:08:09+09:00,2026-10-31,quarterly,consensus,per share,USD,non-GAAP,https://finance.yahoo.com/quote/CRDO/analysis/,3f322c1dee84eecac693c1b1994b9b7712cbd9bb3b0af3ce0605cbb127bda65b,live,
MET-0390,2026-10-01,CRDO,,Quarterly revenue consensus,하향,531.75574,531.65246,-0.01942%,Yahoo Finance non-GAAP,Analysts: 17. Provider period label; actual retrieval timestamp. Revenue is not labeled non-GAAP. Historical revision fields are not imported.,NASDAQ:CRDO,IDEA-0002,2026-10-01T15:08:09+09:00,2026-10-31,quarterly,consensus,million,USD,not-applicable,https://finance.yahoo.com/quote/CRDO/analysis/,23985e75e87dd796e266cf1aff9df8f57f6a546d11115a88a169ccc0c9c6ce86,live,
MET-0391,2026-10-01,CRDO,,Quarterly EPS consensus,상향,1.59273,1.60492,0.7654%,Yahoo Finance non-GAAP,Analysts: 17. Provider period label; actual retrieval timestamp. Revenue is not labeled non-GAAP. Historical revision fields are not imported.,NASDAQ:CRDO,IDEA-0002,2026-10-01T15:08:09+09:00,2027-01-31,quarterly,consensus,per share,USD,non-GAAP,https://finance.yahoo.com/quote/CRDO/analysis/,92b8d635ea4be748d9a38aa399a6f5f2a1fbbbd67396762c4f961ebe8f6b4e68,live,
MET-0392,2026-10-01,CRDO,,Quarterly revenue consensus,상향,638.75488,642.4577,0.5797%,Yahoo Finance non-GAAP,Analysts: 16. Provider period label; actual retrieval timestamp. Revenue is not labeled non-GAAP. Historical revision fields are not imported.,NASDAQ:CRDO,IDEA-0002,2026-10-01T15:08:09+09:00,2027-01-31,quarterly,consensus,million,USD,not-applicable,https://finance.yahoo.com/quote/CRDO/analysis/,47878c27db5cf7f08671e12a17779451146a0a13e353ce262b892a9e1e6bc504,live,
MET-0393,2026-10-01,ALAB,,Quarterly EPS consensus,유지,1.19161,1.19161,0%,Yahoo Finance non-GAAP,Analysts: 20. Provider period label; actual retrieval timestamp. Revenue is not labeled non-GAAP. Historical revision fields are not imported.,NASDAQ:ALAB,IDEA-0003,2026-10-01T15:08:10+09:00,2026-09-30,quarterly,consensus,per share,USD,non-GAAP,https://finance.yahoo.com/quote/ALAB/analysis/,d7472ee5c9ec185cf89f07056cca67f8498c6e954e34e49a03d21f1eff7f8039,live,
MET-0394,2026-10-01,ALAB,,Quarterly revenue consensus,유지,550.63635,550.63635,0%,Yahoo Finance non-GAAP,Analysts: 18. Provider period label; actual retrieval timestamp. Revenue is not labeled non-GAAP. Historical revision fields are not imported.,NASDAQ:ALAB,IDEA-0003,2026-10-01T15:08:10+09:00,2026-09-30,quarterly,consensus,million,USD,not-applicable,https://finance.yahoo.com/quote/ALAB/analysis/,ab387b2619bbea472d02e5f37b90334c86f56c90c8c3bb9f859a70bc75a5f55e,live,
MET-0395,2026-10-01,ALAB,,Quarterly EPS consensus,유지,1.41847,1.41847,0%,Yahoo Finance non-GAAP,Analysts: 20. Provider period label; actual retrieval timestamp. Revenue is not labeled non-GAAP. Historical revision fields are not imported.,NASDAQ:ALAB,IDEA-0003,2026-10-01T15:08:10+09:00,2026-12-31,quarterly,consensus,per share,USD,non-GAAP,https://finance.yahoo.com/quote/ALAB/analysis/,cb5bc749f352b7844c1a72b268ad40524373ec0fd1a5543c11e1f12bc453929a,live,
MET-0396,2026-10-01,ALAB,,Quarterly revenue consensus,유지,655.30752,655.30752,0%,Yahoo Finance non-GAAP,Analysts: 18. Provider period label; actual retrieval timestamp. Revenue is not labeled non-GAAP. Historical revision fields are not imported.,NASDAQ:ALAB,IDEA-0003,2026-10-01T15:08:10+09:00,2026-12-31,quarterly,consensus,million,USD,not-applicable,https://finance.yahoo.com/quote/ALAB/analysis/,8a13230705e2e113e8a44f8b92db8d4fc1e4c074dc1236910f9af6bbb34c979c,live,
MET-0397,2026-10-01,MRVL,,Quarterly EPS consensus,유지,1.09978,1.09978,0%,Yahoo Finance non-GAAP,Analysts: 34. Provider period label; actual retrieval timestamp. Revenue is not labeled non-GAAP. Historical revision fields are not imported.,NASDAQ:MRVL,IDEA-0004,2026-10-01T15:08:10+09:00,2026-10-31,quarterly,consensus,per share,USD,non-GAAP,https://finance.yahoo.com/quote/MRVL/analysis/,ced6605a811a8661b1ef36c2ab9e2e51d8581478a1e94aa88d90f7aaedb446a0,live,
MET-0398,2026-10-01,MRVL,,Quarterly revenue consensus,유지,3149.22325,3149.22325,0%,Yahoo Finance non-GAAP,Analysts: 33. Provider period label; actual retrieval timestamp. Revenue is not labeled non-GAAP. Historical revision fields are not imported.,NASDAQ:MRVL,IDEA-0004,2026-10-01T15:08:10+09:00,2026-10-31,quarterly,consensus,million,USD,not-applicable,https://finance.yahoo.com/quote/MRVL/analysis/,72d963f15bfe92a402eecdfa4692222edca8264923a305f6d3f31f8644a153ae,live,
MET-0399,2026-10-01,MRVL,,Quarterly EPS consensus,유지,1.35573,1.35573,0%,Yahoo Finance non-GAAP,Analysts: 33. Provider period label; actual retrieval timestamp. Revenue is not labeled non-GAAP. Historical revision fields are not imported.,NASDAQ:MRVL,IDEA-0004,2026-10-01T15:08:10+09:00,2027-01-31,quarterly,consensus,per share,USD,non-GAAP,https://finance.yahoo.com/quote/MRVL/analysis/,7bfaa72418e746da3235a6d82980136894731b435a37a798a8fba40c9019aece,live,
MET-0400,2026-10-01,MRVL,,Quarterly revenue consensus,유지,3720.50093,3720.50093,0%,Yahoo Finance non-GAAP,Analysts: 32. Provider period label; actual retrieval timestamp. Revenue is not labeled non-GAAP. Historical revision fields are not imported.,NASDAQ:MRVL,IDEA-0004,2026-10-01T15:08:10+09:00,2027-01-31,quarterly,consensus,million,USD,not-applicable,https://finance.yahoo.com/quote/MRVL/analysis/,46bdc66dea1294f469ff0807aa40bad56dd8ea4ae5c32490f26b97d712b907a5,live,
MET-0401,2026-10-01,CRDO,,Regular session price,상향,192.35,194.79,1.269%,Yahoo Finance chart,"{""market_time_utc"": ""2026-09-30T20:00:01+00:00"", ""session"": ""regular"", ""limitation"": ""Latest regular-session quote, not necessarily a closing auction price. Retrieval date is not trading date.""}",NASDAQ:CRDO,IDEA-0002,2026-10-01T15:22:35.399655+09:00,,,price,per share,USD,not-applicable,https://query1.finance.yahoo.com/v8/finance/chart/CRDO?range=5d&interval=1d,b5d8fabf0bfa0b7bc919ed6873e4485be7a2d4649058edc04b8606fefdacfa5e,live,
MET-0402,2026-10-01,ALAB,,Regular session price,하향,357.84,355.97,-0.5226%,Yahoo Finance chart,"{""market_time_utc"": ""2026-09-30T20:00:00+00:00"", ""session"": ""regular"", ""limitation"": ""Latest regular-session quote, not necessarily a closing auction price. Retrieval date is not trading date.""}",NASDAQ:ALAB,IDEA-0003,2026-10-01T15:22:35.472448+09:00,,,price,per share,USD,not-applicable,https://query1.finance.yahoo.com/v8/finance/chart/ALAB?range=5d&interval=1d,818590c55812ac4ed2dfcd68dd31a7718232444e771539d8498a061c001bdb86,live,
MET-0403,2026-10-01,MRVL,,Regular session price,상향,263.27,264.21,0.357%,Yahoo Finance chart,"{""market_time_utc"": ""2026-09-30T20:00:01+00:00"", ""session"": ""regular"", ""limitation"": ""Latest regular-session quote, not necessarily a closing auction price. Retrieval date is not trading date.""}",NASDAQ:MRVL,IDEA-0004,2026-10-01T15:22:35.549453+09:00,,,price,per share,USD,not-applicable,https://query1.finance.yahoo.com/v8/finance/chart/MRVL?range=5d&interval=1d,82365167f4d93030a8cf6d705f5148ce17dc96aa5f6b9cd258d70778512b0158,live,
MET-0404,2026-10-02,CRDO,,EPS consensus,유지,6.30634,6.30634,0%,Yahoo Finance non-GAAP,"Analysts: 20. Period end is the provider label, not independently inferred issuer year end. Observation is retrieval date; no historical revision inferred.",NASDAQ:CRDO,IDEA-0002,2026-10-02,2027-04-30,annual,consensus,per share,USD,non-GAAP,https://finance.yahoo.com/quote/CRDO/analysis/,7ce30a73f665ee8c635104f96008221bc7b7e1022720906aa6a0acbb524c66d5,live,
MET-0405,2026-10-02,CRDO,,EPS consensus,유지,9.69063,9.69063,0%,Yahoo Finance non-GAAP,"Analysts: 20. Period end is the provider label, not independently inferred issuer year end. Observation is retrieval date; no historical revision inferred.",NASDAQ:CRDO,IDEA-0002,2026-10-02,2028-04-30,annual,consensus,per share,USD,non-GAAP,https://finance.yahoo.com/quote/CRDO/analysis/,164a15cb75b7715fbac9b85ea2729694e0545107a7ea7b838618cc362c6b19bd,live,
MET-0406,2026-10-02,ALAB,,EPS consensus,유지,4.0322,4.0322,0%,Yahoo Finance non-GAAP,"Analysts: 21. Period end is the provider label, not independently inferred issuer year end. Observation is retrieval date; no historical revision inferred.",NASDAQ:ALAB,IDEA-0003,2026-10-02,2026-12-31,annual,consensus,per share,USD,non-GAAP,https://finance.yahoo.com/quote/ALAB/analysis/,77cf75239f4e1137a0aee8ea60edea5032ab14aa289d4053f456440d4f214679,live,
MET-0407,2026-10-02,ALAB,,EPS consensus,유지,6.39348,6.39348,0%,Yahoo Finance non-GAAP,"Analysts: 23. Period end is the provider label, not independently inferred issuer year end. Observation is retrieval date; no historical revision inferred.",NASDAQ:ALAB,IDEA-0003,2026-10-02,2027-12-31,annual,consensus,per share,USD,non-GAAP,https://finance.yahoo.com/quote/ALAB/analysis/,dca7d964b87c8da05c422224d57148417f08a9c55f6d4864e173239b6a36caa1,live,
MET-0408,2026-10-02,MRVL,,EPS consensus,유지,4.2113,4.2113,0%,Yahoo Finance non-GAAP,"Analysts: 40. Period end is the provider label, not independently inferred issuer year end. Observation is retrieval date; no historical revision inferred.",NASDAQ:MRVL,IDEA-0004,2026-10-02,2027-01-31,annual,consensus,per share,USD,non-GAAP,https://finance.yahoo.com/quote/MRVL/analysis/,054287189d0ba1df37dc0a62c57d9f6dc49e9ca80677d9db01d48e23db54180f,live,
MET-0409,2026-10-02,MRVL,,EPS consensus,유지,6.76913,6.76913,0%,Yahoo Finance non-GAAP,"Analysts: 42. Period end is the provider label, not independently inferred issuer year end. Observation is retrieval date; no historical revision inferred.",NASDAQ:MRVL,IDEA-0004,2026-10-02,2028-01-31,annual,consensus,per share,USD,non-GAAP,https://finance.yahoo.com/quote/MRVL/analysis/,31eef13e14ba915d6e2e75642af3970a141f92b0515bd509a4a83fdb7a1f8906,live,
MET-0410,2026-10-02,CRDO,,Quarterly EPS consensus,유지,1.28294,1.28294,0%,Yahoo Finance non-GAAP,Analysts: 18. Provider period label; actual retrieval timestamp. Revenue is not labeled non-GAAP. Historical revision fields are not imported.,NASDAQ:CRDO,IDEA-0002,2026-10-02T00:01:54+09:00,2026-10-31,quarterly,consensus,per share,USD,non-GAAP,https://finance.yahoo.com/quote/CRDO/analysis/,d873991272e9ec353b0cd1a6265ed1b900e61283faa47a293aaf39f510bf11e0,live,
MET-0411,2026-10-02,CRDO,,Quarterly revenue consensus,유지,531.65246,531.65246,0%,Yahoo Finance non-GAAP,Analysts: 17. Provider period label; actual retrieval timestamp. Revenue is not labeled non-GAAP. Historical revision fields are not imported.,NASDAQ:CRDO,IDEA-0002,2026-10-02T00:01:54+09:00,2026-10-31,quarterly,consensus,million,USD,not-applicable,https://finance.yahoo.com/quote/CRDO/analysis/,2b9e454b79984e1832292be16ce1316bad37863c8c20bce5cc4fb26f58f57699,live,
MET-0412,2026-10-02,CRDO,,Quarterly EPS consensus,유지,1.60492,1.60492,0%,Yahoo Finance non-GAAP,Analysts: 17. Provider period label; actual retrieval timestamp. Revenue is not labeled non-GAAP. Historical revision fields are not imported.,NASDAQ:CRDO,IDEA-0002,2026-10-02T00:01:54+09:00,2027-01-31,quarterly,consensus,per share,USD,non-GAAP,https://finance.yahoo.com/quote/CRDO/analysis/,c741ad21babb3854fe037352c25cdd4634e0111f538b1c4a8ba34fc2fc8d7f0b,live,
MET-0413,2026-10-02,CRDO,,Quarterly revenue consensus,유지,642.4577,642.4577,0%,Yahoo Finance non-GAAP,Analysts: 16. Provider period label; actual retrieval timestamp. Revenue is not labeled non-GAAP. Historical revision fields are not imported.,NASDAQ:CRDO,IDEA-0002,2026-10-02T00:01:54+09:00,2027-01-31,quarterly,consensus,million,USD,not-applicable,https://finance.yahoo.com/quote/CRDO/analysis/,9b444b5519583014772018cde46fae33aae142f628fba4097c3d0d61ce7f9ffb,live,
MET-0414,2026-10-02,ALAB,,Quarterly EPS consensus,유지,1.19161,1.19161,0%,Yahoo Finance non-GAAP,Analysts: 20. Provider period label; actual retrieval timestamp. Revenue is not labeled non-GAAP. Historical revision fields are not imported.,NASDAQ:ALAB,IDEA-0003,2026-10-02T00:01:55+09:00,2026-09-30,quarterly,consensus,per share,USD,non-GAAP,https://finance.yahoo.com/quote/ALAB/analysis/,657719cce3b079da37e96c97356a952d8ca9d188d9a8a069c5321c9fba10bfa5,live,
MET-0415,2026-10-02,ALAB,,Quarterly revenue consensus,유지,550.63635,550.63635,0%,Yahoo Finance non-GAAP,Analysts: 18. Provider period label; actual retrieval timestamp. Revenue is not labeled non-GAAP. Historical revision fields are not imported.,NASDAQ:ALAB,IDEA-0003,2026-10-02T00:01:55+09:00,2026-09-30,quarterly,consensus,million,USD,not-applicable,https://finance.yahoo.com/quote/ALAB/analysis/,b3ea1ad27b7b6f2f32fd6097ab196819ea53bde24c95c4a7fc779121ff29ba9e,live,
MET-0416,2026-10-02,ALAB,,Quarterly EPS consensus,유지,1.41847,1.41847,0%,Yahoo Finance non-GAAP,Analysts: 20. Provider period label; actual retrieval timestamp. Revenue is not labeled non-GAAP. Historical revision fields are not imported.,NASDAQ:ALAB,IDEA-0003,2026-10-02T00:01:55+09:00,2026-12-31,quarterly,consensus,per share,USD,non-GAAP,https://finance.yahoo.com/quote/ALAB/analysis/,9ea9be541aed8ab18e7f8dc2f334417cb0f103662b1c6ebed5c68ac5f11ff846,live,
MET-0417,2026-10-02,ALAB,,Quarterly revenue consensus,유지,655.30752,655.30752,0%,Yahoo Finance non-GAAP,Analysts: 18. Provider period label; actual retrieval timestamp. Revenue is not labeled non-GAAP. Historical revision fields are not imported.,NASDAQ:ALAB,IDEA-0003,2026-10-02T00:01:55+09:00,2026-12-31,quarterly,consensus,million,USD,not-applicable,https://finance.yahoo.com/quote/ALAB/analysis/,4ac186952a46df27479730b55ebb486d278a963ce9b6e2c0e6798512605bfbf7,live,
MET-0418,2026-10-02,MRVL,,Quarterly EPS consensus,유지,1.09978,1.09978,0%,Yahoo Finance non-GAAP,Analysts: 34. Provider period label; actual retrieval timestamp. Revenue is not labeled non-GAAP. Historical revision fields are not imported.,NASDAQ:MRVL,IDEA-0004,2026-10-02T00:01:55+09:00,2026-10-31,quarterly,consensus,per share,USD,non-GAAP,https://finance.yahoo.com/quote/MRVL/analysis/,1fac12cfe7e336e7cae3d334121765bcd531d4aef39db08ffb4a30faa88514b5,live,
MET-0419,2026-10-02,MRVL,,Quarterly revenue consensus,유지,3149.22325,3149.22325,0%,Yahoo Finance non-GAAP,Analysts: 33. Provider period label; actual retrieval timestamp. Revenue is not labeled non-GAAP. Historical revision fields are not imported.,NASDAQ:MRVL,IDEA-0004,2026-10-02T00:01:55+09:00,2026-10-31,quarterly,consensus,million,USD,not-applicable,https://finance.yahoo.com/quote/MRVL/analysis/,104b4ab7243ec9510e6b6d8fffaac77054d8c46e45eb16e8c7e18add280f4d9e,live,
MET-0420,2026-10-02,MRVL,,Quarterly EPS consensus,유지,1.35573,1.35573,0%,Yahoo Finance non-GAAP,Analysts: 33. Provider period label; actual retrieval timestamp. Revenue is not labeled non-GAAP. Historical revision fields are not imported.,NASDAQ:MRVL,IDEA-0004,2026-10-02T00:01:55+09:00,2027-01-31,quarterly,consensus,per share,USD,non-GAAP,https://finance.yahoo.com/quote/MRVL/analysis/,86c7cad93c43630d80aa8b94d50ae7585ac6248f49704de5e8bff559e8edbd8f,live,
MET-0421,2026-10-02,MRVL,,Quarterly revenue consensus,유지,3720.50093,3720.50093,0%,Yahoo Finance non-GAAP,Analysts: 32. Provider period label; actual retrieval timestamp. Revenue is not labeled non-GAAP. Historical revision fields are not imported.,NASDAQ:MRVL,IDEA-0004,2026-10-02T00:01:55+09:00,2027-01-31,quarterly,consensus,million,USD,not-applicable,https://finance.yahoo.com/quote/MRVL/analysis/,49b5c8990bc154be670c58040e110f4f58f60243eb73c593668577c1003a9660,live,
MET-0422,2026-10-02,CRDO,,Regular session price,상향,194.79,202.643,4.032%,Yahoo Finance chart,"{""market_time_utc"": ""2026-10-01T15:16:13+00:00"", ""session"": ""regular"", ""limitation"": ""Latest regular-session quote, not necessarily a closing auction price. Retrieval date is not trading date.""}",NASDAQ:CRDO,IDEA-0002,2026-10-02T00:16:18.723994+09:00,,,price,per share,USD,not-applicable,https://query1.finance.yahoo.com/v8/finance/chart/CRDO?range=5d&interval=1d,29d598592d52f77cc00ff62dd2cbd027008779783087df1f8e32962f2afbc466,live,
MET-0423,2026-10-02,ALAB,,Regular session price,상향,355.97,357.057,0.3054%,Yahoo Finance chart,"{""market_time_utc"": ""2026-10-01T15:16:03+00:00"", ""session"": ""regular"", ""limitation"": ""Latest regular-session quote, not necessarily a closing auction price. Retrieval date is not trading date.""}",NASDAQ:ALAB,IDEA-0003,2026-10-02T00:16:18.801387+09:00,,,price,per share,USD,not-applicable,https://query1.finance.yahoo.com/v8/finance/chart/ALAB?range=5d&interval=1d,297657980e2fbcc5f85fdbf114fa45912488242ded78da95a55cc724f51c323c,live,
MET-0424,2026-10-02,MRVL,,Regular session price,상향,264.21,265.028,0.3096%,Yahoo Finance chart,"{""market_time_utc"": ""2026-10-01T15:16:17+00:00"", ""session"": ""regular"", ""limitation"": ""Latest regular-session quote, not necessarily a closing auction price. Retrieval date is not trading date.""}",NASDAQ:MRVL,IDEA-0004,2026-10-02T00:16:18.901161+09:00,,,price,per share,USD,not-applicable,https://query1.finance.yahoo.com/v8/finance/chart/MRVL?range=5d&interval=1d,ad464e922572dbc9e73ceecde197607869af849fa1e8c3b8c86826486104879b,live,
MET-0425,2026-10-03,CRDO,,EPS consensus,유지,6.30634,6.30634,0%,Yahoo Finance non-GAAP,"Analysts: 20. Period end is the provider label, not independently inferred issuer year end. Observation is retrieval date; no historical revision inferred.",NASDAQ:CRDO,IDEA-0002,2026-10-03,2027-04-30,annual,consensus,per share,USD,non-GAAP,https://finance.yahoo.com/quote/CRDO/analysis/,6a79dd99813ebf7091090ec11ac9b83f4f6e835ac3bf002ed40045cd2f410bd8,live,
MET-0426,2026-10-03,CRDO,,EPS consensus,유지,9.69063,9.69063,0%,Yahoo Finance non-GAAP,"Analysts: 20. Period end is the provider label, not independently inferred issuer year end. Observation is retrieval date; no historical revision inferred.",NASDAQ:CRDO,IDEA-0002,2026-10-03,2028-04-30,annual,consensus,per share,USD,non-GAAP,https://finance.yahoo.com/quote/CRDO/analysis/,b7fd519814eaf2dada649d7fa6be2fe43a6fc87b0bcb8fa3a17aab4bdc9c4708,live,
MET-0427,2026-10-03,ALAB,,EPS consensus,유지,4.0322,4.0322,0%,Yahoo Finance non-GAAP,"Analysts: 21. Period end is the provider label, not independently inferred issuer year end. Observation is retrieval date; no historical revision inferred.",NASDAQ:ALAB,IDEA-0003,2026-10-03,2026-12-31,annual,consensus,per share,USD,non-GAAP,https://finance.yahoo.com/quote/ALAB/analysis/,f4b58b26fffa4ccb689bd3870d3cd0d1d93adf50b379801db7136ab4f4febecd,live,
MET-0428,2026-10-03,ALAB,,EPS consensus,유지,6.39348,6.39348,0%,Yahoo Finance non-GAAP,"Analysts: 23. Period end is the provider label, not independently inferred issuer year end. Observation is retrieval date; no historical revision inferred.",NASDAQ:ALAB,IDEA-0003,2026-10-03,2027-12-31,annual,consensus,per share,USD,non-GAAP,https://finance.yahoo.com/quote/ALAB/analysis/,56ac4fea185fa97451c64786960de054c65c1424de31f2f4bf9ccb110414fcdc,live,
MET-0429,2026-10-03,MRVL,,EPS consensus,유지,4.2113,4.2113,0%,Yahoo Finance non-GAAP,"Analysts: 40. Period end is the provider label, not independently inferred issuer year end. Observation is retrieval date; no historical revision inferred.",NASDAQ:MRVL,IDEA-0004,2026-10-03,2027-01-31,annual,consensus,per share,USD,non-GAAP,https://finance.yahoo.com/quote/MRVL/analysis/,a0eb5bc3da3abe90e3fc81cef707198a84ce404b7480d71d5cec23c530cb2ef2,live,
MET-0430,2026-10-03,MRVL,,EPS consensus,유지,6.76913,6.76913,0%,Yahoo Finance non-GAAP,"Analysts: 42. Period end is the provider label, not independently inferred issuer year end. Observation is retrieval date; no historical revision inferred.",NASDAQ:MRVL,IDEA-0004,2026-10-03,2028-01-31,annual,consensus,per share,USD,non-GAAP,https://finance.yahoo.com/quote/MRVL/analysis/,5d530bf5d3c268a71fc8238ad68fb974bbabd316b7010af8e2634ecf3062bc0f,live,
MET-0431,2026-10-03,CRDO,,Quarterly EPS consensus,유지,1.28294,1.28294,0%,Yahoo Finance non-GAAP,Analysts: 18. Provider period label; actual retrieval timestamp. Revenue is not labeled non-GAAP. Historical revision fields are not imported.,NASDAQ:CRDO,IDEA-0002,2026-10-03T14:28:56+09:00,2026-10-31,quarterly,consensus,per share,USD,non-GAAP,https://finance.yahoo.com/quote/CRDO/analysis/,ca7db357246ed8e077762bfdb6cb3608926dfbf5664d396534f42e863ffe5766,live,
MET-0432,2026-10-03,CRDO,,Quarterly revenue consensus,유지,531.65246,531.65246,0%,Yahoo Finance non-GAAP,Analysts: 17. Provider period label; actual retrieval timestamp. Revenue is not labeled non-GAAP. Historical revision fields are not imported.,NASDAQ:CRDO,IDEA-0002,2026-10-03T14:28:56+09:00,2026-10-31,quarterly,consensus,million,USD,not-applicable,https://finance.yahoo.com/quote/CRDO/analysis/,8e146fd0ee133cd1d7a043f9ccac615211f7418a7c31c3dc0b68d0c45f6a6a5a,live,
MET-0433,2026-10-03,CRDO,,Quarterly EPS consensus,유지,1.60492,1.60492,0%,Yahoo Finance non-GAAP,Analysts: 17. Provider period label; actual retrieval timestamp. Revenue is not labeled non-GAAP. Historical revision fields are not imported.,NASDAQ:CRDO,IDEA-0002,2026-10-03T14:28:56+09:00,2027-01-31,quarterly,consensus,per share,USD,non-GAAP,https://finance.yahoo.com/quote/CRDO/analysis/,241ccb4102280c25753e826c3c4c00f992d1e6535b745b2dacc00424cb1ff3eb,live,
MET-0434,2026-10-03,CRDO,,Quarterly revenue consensus,유지,642.4577,642.4577,0%,Yahoo Finance non-GAAP,Analysts: 16. Provider period label; actual retrieval timestamp. Revenue is not labeled non-GAAP. Historical revision fields are not imported.,NASDAQ:CRDO,IDEA-0002,2026-10-03T14:28:56+09:00,2027-01-31,quarterly,consensus,million,USD,not-applicable,https://finance.yahoo.com/quote/CRDO/analysis/,cdf28c57413cf7bed229d6513f31feb78f7b6f92a3e0153f106c89e76c150a61,live,
MET-0435,2026-10-03,ALAB,,Quarterly EPS consensus,유지,1.19161,1.19161,0%,Yahoo Finance non-GAAP,Analysts: 20. Provider period label; actual retrieval timestamp. Revenue is not labeled non-GAAP. Historical revision fields are not imported.,NASDAQ:ALAB,IDEA-0003,2026-10-03T14:28:57+09:00,2026-09-30,quarterly,consensus,per share,USD,non-GAAP,https://finance.yahoo.com/quote/ALAB/analysis/,d9571fe2951f47e0f720117254c51485851dec8959e72138f2b35b2dc537d598,live,
MET-0436,2026-10-03,ALAB,,Quarterly revenue consensus,유지,550.63635,550.63635,0%,Yahoo Finance non-GAAP,Analysts: 18. Provider period label; actual retrieval timestamp. Revenue is not labeled non-GAAP. Historical revision fields are not imported.,NASDAQ:ALAB,IDEA-0003,2026-10-03T14:28:57+09:00,2026-09-30,quarterly,consensus,million,USD,not-applicable,https://finance.yahoo.com/quote/ALAB/analysis/,e71b54ae0ffe5807343436fa1f336a0b77ed967f9440975f6701e27eebd3a3e4,live,
MET-0437,2026-10-03,ALAB,,Quarterly EPS consensus,유지,1.41847,1.41847,0%,Yahoo Finance non-GAAP,Analysts: 20. Provider period label; actual retrieval timestamp. Revenue is not labeled non-GAAP. Historical revision fields are not imported.,NASDAQ:ALAB,IDEA-0003,2026-10-03T14:28:57+09:00,2026-12-31,quarterly,consensus,per share,USD,non-GAAP,https://finance.yahoo.com/quote/ALAB/analysis/,8dcab1deb144b142e31f7c6622eef627b9ab5e4c35be4be4170749a0763c73bc,live,
MET-0438,2026-10-03,ALAB,,Quarterly revenue consensus,유지,655.30752,655.30752,0%,Yahoo Finance non-GAAP,Analysts: 18. Provider period label; actual retrieval timestamp. Revenue is not labeled non-GAAP. Historical revision fields are not imported.,NASDAQ:ALAB,IDEA-0003,2026-10-03T14:28:57+09:00,2026-12-31,quarterly,consensus,million,USD,not-applicable,https://finance.yahoo.com/quote/ALAB/analysis/,a5abcd812c856ee9801c07230d1672d51012ccad9461a43af5158a341e7b1d41,live,
MET-0439,2026-10-03,MRVL,,Quarterly EPS consensus,유지,1.09978,1.09978,0%,Yahoo Finance non-GAAP,Analysts: 34. Provider period label; actual retrieval timestamp. Revenue is not labeled non-GAAP. Historical revision fields are not imported.,NASDAQ:MRVL,IDEA-0004,2026-10-03T14:28:57+09:00,2026-10-31,quarterly,consensus,per share,USD,non-GAAP,https://finance.yahoo.com/quote/MRVL/analysis/,22caac958f8eefe50813682fb3e1f56120ffef3d0dde76931826e04c35376474,live,
MET-0440,2026-10-03,MRVL,,Quarterly revenue consensus,유지,3149.22325,3149.22325,0%,Yahoo Finance non-GAAP,Analysts: 33. Provider period label; actual retrieval timestamp. Revenue is not labeled non-GAAP. Historical revision fields are not imported.,NASDAQ:MRVL,IDEA-0004,2026-10-03T14:28:57+09:00,2026-10-31,quarterly,consensus,million,USD,not-applicable,https://finance.yahoo.com/quote/MRVL/analysis/,96a3a88cd96e91d0a26fde7d306fff1fa122523563d5630ddabc0bbc2d1a56f6,live,
MET-0441,2026-10-03,MRVL,,Quarterly EPS consensus,유지,1.35573,1.35573,0%,Yahoo Finance non-GAAP,Analysts: 33. Provider period label; actual retrieval timestamp. Revenue is not labeled non-GAAP. Historical revision fields are not imported.,NASDAQ:MRVL,IDEA-0004,2026-10-03T14:28:57+09:00,2027-01-31,quarterly,consensus,per share,USD,non-GAAP,https://finance.yahoo.com/quote/MRVL/analysis/,82494754ba216ad6e6ec712d144b8648a835d5873e3d364b8d6e82e59f007895,live,
MET-0442,2026-10-03,MRVL,,Quarterly revenue consensus,유지,3720.50093,3720.50093,0%,Yahoo Finance non-GAAP,Analysts: 32. Provider period label; actual retrieval timestamp. Revenue is not labeled non-GAAP. Historical revision fields are not imported.,NASDAQ:MRVL,IDEA-0004,2026-10-03T14:28:57+09:00,2027-01-31,quarterly,consensus,million,USD,not-applicable,https://finance.yahoo.com/quote/MRVL/analysis/,20781c06e1e4731a93b9fcab45c0fb6a99aff49685dde1a148f4d33295ad114a,live,
MET-0443,2026-10-03,CRDO,,Regular session price,상향,202.643,218.64,7.894%,Yahoo Finance chart,"{""market_time_utc"": ""2026-10-02T20:00:01+00:00"", ""session"": ""regular"", ""limitation"": ""Latest regular-session quote, not necessarily a closing auction price. Retrieval date is not trading date.""}",NASDAQ:CRDO,IDEA-0002,2026-10-03T14:43:20.556954+09:00,,,price,per share,USD,not-applicable,https://query1.finance.yahoo.com/v8/finance/chart/CRDO?range=5d&interval=1d,ed9184cc94b09290e68f28966e845fd3cca61cbcc5d5896865d5806954aee757,live,
MET-0444,2026-10-03,ALAB,,Regular session price,하향,357.057,350.33,-1.884%,Yahoo Finance chart,"{""market_time_utc"": ""2026-10-02T20:00:01+00:00"", ""session"": ""regular"", ""limitation"": ""Latest regular-session quote, not necessarily a closing auction price. Retrieval date is not trading date.""}",NASDAQ:ALAB,IDEA-0003,2026-10-03T14:43:20.632257+09:00,,,price,per share,USD,not-applicable,https://query1.finance.yahoo.com/v8/finance/chart/ALAB?range=5d&interval=1d,2befc808117503e2b3917828d40dfd2586e390a59eb18e381c8c767aef4d02c4,live,
MET-0445,2026-10-03,MRVL,,Regular session price,상향,265.028,272.29,2.74%,Yahoo Finance chart,"{""market_time_utc"": ""2026-10-02T20:00:01+00:00"", ""session"": ""regular"", ""limitation"": ""Latest regular-session quote, not necessarily a closing auction price. Retrieval date is not trading date.""}",NASDAQ:MRVL,IDEA-0004,2026-10-03T14:43:20.710834+09:00,,,price,per share,USD,not-applicable,https://query1.finance.yahoo.com/v8/finance/chart/MRVL?range=5d&interval=1d,1732c15af202b0fa82faad15c50ae1204abd1008caf8e34b13c18d8f976058c4,live,
MET-0446,2026-10-04,CRDO,,EPS consensus,유지,6.30634,6.30634,0%,Yahoo Finance non-GAAP,"Analysts: 20. Period end is the provider label, not independently inferred issuer year end. Observation is retrieval date; no historical revision inferred.",NASDAQ:CRDO,IDEA-0002,2026-10-04,2027-04-30,annual,consensus,per share,USD,non-GAAP,https://finance.yahoo.com/quote/CRDO/analysis/,c1c9187d7d7bf8d0f852991df352f5a41d7a4095e7f0d41dfa3f7bcd8a24f9ae,live,
MET-0447,2026-10-04,CRDO,,EPS consensus,유지,9.69063,9.69063,0%,Yahoo Finance non-GAAP,"Analysts: 20. Period end is the provider label, not independently inferred issuer year end. Observation is retrieval date; no historical revision inferred.",NASDAQ:CRDO,IDEA-0002,2026-10-04,2028-04-30,annual,consensus,per share,USD,non-GAAP,https://finance.yahoo.com/quote/CRDO/analysis/,361330fb823ee5dad90db4ef7ecd5409006ca7c5f15a61e70b80c82f6697c68f,live,
MET-0448,2026-10-04,ALAB,,EPS consensus,유지,4.0322,4.0322,0%,Yahoo Finance non-GAAP,"Analysts: 21. Period end is the provider label, not independently inferred issuer year end. Observation is retrieval date; no historical revision inferred.",NASDAQ:ALAB,IDEA-0003,2026-10-04,2026-12-31,annual,consensus,per share,USD,non-GAAP,https://finance.yahoo.com/quote/ALAB/analysis/,68e22de64b4b398df1fb8cd051911bdf40376bd121bdb37fea375cc4a29031c6,live,
MET-0449,2026-10-04,ALAB,,EPS consensus,유지,6.39348,6.39348,0%,Yahoo Finance non-GAAP,"Analysts: 23. Period end is the provider label, not independently inferred issuer year end. Observation is retrieval date; no historical revision inferred.",NASDAQ:ALAB,IDEA-0003,2026-10-04,2027-12-31,annual,consensus,per share,USD,non-GAAP,https://finance.yahoo.com/quote/ALAB/analysis/,402b61d563ab4a6034aab80799c7e0f529c735a234488cd92625b5b56f9ffc88,live,
MET-0450,2026-10-04,MRVL,,EPS consensus,유지,4.2113,4.2113,0%,Yahoo Finance non-GAAP,"Analysts: 40. Period end is the provider label, not independently inferred issuer year end. Observation is retrieval date; no historical revision inferred.",NASDAQ:MRVL,IDEA-0004,2026-10-04,2027-01-31,annual,consensus,per share,USD,non-GAAP,https://finance.yahoo.com/quote/MRVL/analysis/,da767dad2196279798487807280c2bfc3cb9bd645adc22628a8d4aab71328237,live,
MET-0451,2026-10-04,MRVL,,EPS consensus,하향,6.76913,6.74936,-0.2921%,Yahoo Finance non-GAAP,"Analysts: 42. Period end is the provider label, not independently inferred issuer year end. Observation is retrieval date; no historical revision inferred.",NASDAQ:MRVL,IDEA-0004,2026-10-04,2028-01-31,annual,consensus,per share,USD,non-GAAP,https://finance.yahoo.com/quote/MRVL/analysis/,31947e666cfd323476d5a4d984a9d90e54720f58d22557124bb55da3d256061f,live,
MET-0452,2026-10-04,CRDO,,Quarterly EPS consensus,유지,1.28294,1.28294,0%,Yahoo Finance non-GAAP,Analysts: 18. Provider period label; actual retrieval timestamp. Revenue is not labeled non-GAAP. Historical revision fields are not imported.,NASDAQ:CRDO,IDEA-0002,2026-10-04T15:01:23+09:00,2026-10-31,quarterly,consensus,per share,USD,non-GAAP,https://finance.yahoo.com/quote/CRDO/analysis/,de141c648673726dc98ffd078b7141a84858db04d690ffee48661b3d5ad33afc,live,
MET-0453,2026-10-04,CRDO,,Quarterly revenue consensus,유지,531.65246,531.65246,0%,Yahoo Finance non-GAAP,Analysts: 17. Provider period label; actual retrieval timestamp. Revenue is not labeled non-GAAP. Historical revision fields are not imported.,NASDAQ:CRDO,IDEA-0002,2026-10-04T15:01:23+09:00,2026-10-31,quarterly,consensus,million,USD,not-applicable,https://finance.yahoo.com/quote/CRDO/analysis/,3ec9efccd85b97f8f54a8321aea28ba656af24d6f3a1e4366957c8047f1d4d38,live,
MET-0454,2026-10-04,CRDO,,Quarterly EPS consensus,유지,1.60492,1.60492,0%,Yahoo Finance non-GAAP,Analysts: 17. Provider period label; actual retrieval timestamp. Revenue is not labeled non-GAAP. Historical revision fields are not imported.,NASDAQ:CRDO,IDEA-0002,2026-10-04T15:01:23+09:00,2027-01-31,quarterly,consensus,per share,USD,non-GAAP,https://finance.yahoo.com/quote/CRDO/analysis/,3b43cd3bbf547eecd8ae6bc3a0906c296bda6a0facf8defafbc21e31b8fb9e02,live,
MET-0455,2026-10-04,CRDO,,Quarterly revenue consensus,유지,642.4577,642.4577,0%,Yahoo Finance non-GAAP,Analysts: 16. Provider period label; actual retrieval timestamp. Revenue is not labeled non-GAAP. Historical revision fields are not imported.,NASDAQ:CRDO,IDEA-0002,2026-10-04T15:01:23+09:00,2027-01-31,quarterly,consensus,million,USD,not-applicable,https://finance.yahoo.com/quote/CRDO/analysis/,eb49fde55a8f9c5899070c6dfacb6bcf2120d45950607987bfddd7c56379faea,live,
MET-0456,2026-10-04,ALAB,,Quarterly EPS consensus,유지,1.19161,1.19161,0%,Yahoo Finance non-GAAP,Analysts: 20. Provider period label; actual retrieval timestamp. Revenue is not labeled non-GAAP. Historical revision fields are not imported.,NASDAQ:ALAB,IDEA-0003,2026-10-04T15:01:24+09:00,2026-09-30,quarterly,consensus,per share,USD,non-GAAP,https://finance.yahoo.com/quote/ALAB/analysis/,887a1043fc6037fa772410d05092a140b8e1413ed9b715f539f0019fd4c16439,live,
MET-0457,2026-10-04,ALAB,,Quarterly revenue consensus,유지,550.63635,550.63635,0%,Yahoo Finance non-GAAP,Analysts: 18. Provider period label; actual retrieval timestamp. Revenue is not labeled non-GAAP. Historical revision fields are not imported.,NASDAQ:ALAB,IDEA-0003,2026-10-04T15:01:24+09:00,2026-09-30,quarterly,consensus,million,USD,not-applicable,https://finance.yahoo.com/quote/ALAB/analysis/,a04642fbe5f8e30d150fe9d3c8bd24c47e0dc7bc9bdbc182977a54bd48a315c8,live,
MET-0458,2026-10-04,ALAB,,Quarterly EPS consensus,유지,1.41847,1.41847,0%,Yahoo Finance non-GAAP,Analysts: 20. Provider period label; actual retrieval timestamp. Revenue is not labeled non-GAAP. Historical revision fields are not imported.,NASDAQ:ALAB,IDEA-0003,2026-10-04T15:01:24+09:00,2026-12-31,quarterly,consensus,per share,USD,non-GAAP,https://finance.yahoo.com/quote/ALAB/analysis/,241be971cc1a4b935bd1b606de415843843239c499465873e09ba89395620eb2,live,
MET-0459,2026-10-04,ALAB,,Quarterly revenue consensus,유지,655.30752,655.30752,0%,Yahoo Finance non-GAAP,Analysts: 18. Provider period label; actual retrieval timestamp. Revenue is not labeled non-GAAP. Historical revision fields are not imported.,NASDAQ:ALAB,IDEA-0003,2026-10-04T15:01:24+09:00,2026-12-31,quarterly,consensus,million,USD,not-applicable,https://finance.yahoo.com/quote/ALAB/analysis/,45557e88cc444caa623abd03c04b2bba70ceb6f82fc38b9e14afcb1464e97d72,live,
MET-0460,2026-10-04,MRVL,,Quarterly EPS consensus,유지,1.09978,1.09978,0%,Yahoo Finance non-GAAP,Analysts: 34. Provider period label; actual retrieval timestamp. Revenue is not labeled non-GAAP. Historical revision fields are not imported.,NASDAQ:MRVL,IDEA-0004,2026-10-04T15:01:24+09:00,2026-10-31,quarterly,consensus,per share,USD,non-GAAP,https://finance.yahoo.com/quote/MRVL/analysis/,89135c55fbb37591704acd14cf39bfef306529c2bd9ca5d4a67ef4707be64571,live,
MET-0461,2026-10-04,MRVL,,Quarterly revenue consensus,유지,3149.22325,3149.22325,0%,Yahoo Finance non-GAAP,Analysts: 33. Provider period label; actual retrieval timestamp. Revenue is not labeled non-GAAP. Historical revision fields are not imported.,NASDAQ:MRVL,IDEA-0004,2026-10-04T15:01:24+09:00,2026-10-31,quarterly,consensus,million,USD,not-applicable,https://finance.yahoo.com/quote/MRVL/analysis/,ed23038c6898d6b66b02d3c2f2b0b4ae4d46da498ac05718d22997f51e950964,live,
MET-0462,2026-10-04,MRVL,,Quarterly EPS consensus,유지,1.35573,1.35573,0%,Yahoo Finance non-GAAP,Analysts: 33. Provider period label; actual retrieval timestamp. Revenue is not labeled non-GAAP. Historical revision fields are not imported.,NASDAQ:MRVL,IDEA-0004,2026-10-04T15:01:24+09:00,2027-01-31,quarterly,consensus,per share,USD,non-GAAP,https://finance.yahoo.com/quote/MRVL/analysis/,0f008e38024d8bc28d6d69fe71d8b52fe272c6a797767b37a7f0a2fd80983dd5,live,
MET-0463,2026-10-04,MRVL,,Quarterly revenue consensus,유지,3720.50093,3720.50093,0%,Yahoo Finance non-GAAP,Analysts: 32. Provider period label; actual retrieval timestamp. Revenue is not labeled non-GAAP. Historical revision fields are not imported.,NASDAQ:MRVL,IDEA-0004,2026-10-04T15:01:24+09:00,2027-01-31,quarterly,consensus,million,USD,not-applicable,https://finance.yahoo.com/quote/MRVL/analysis/,e0e50b00af36a694fa36e8e58fa7f66377cb0f8f2d5ff53a5ec684b7ba5ff79e,live,
MET-0464,2026-10-04,CRDO,,Regular session price,유지,218.64,218.64,0%,Yahoo Finance chart,"{""market_time_utc"": ""2026-10-02T20:00:01+00:00"", ""session"": ""regular"", ""limitation"": ""Latest regular-session quote, not necessarily a closing auction price. Retrieval date is not trading date.""}",NASDAQ:CRDO,IDEA-0002,2026-10-04T15:15:48.583581+09:00,,,price,per share,USD,not-applicable,https://query1.finance.yahoo.com/v8/finance/chart/CRDO?range=5d&interval=1d,3a6b9aa739d555d2f675e3ea253d6f29b6d1a2ccb128a24740d88088e8391fd6,live,
MET-0465,2026-10-04,ALAB,,Regular session price,유지,350.33,350.33,0%,Yahoo Finance chart,"{""market_time_utc"": ""2026-10-02T20:00:01+00:00"", ""session"": ""regular"", ""limitation"": ""Latest regular-session quote, not necessarily a closing auction price. Retrieval date is not trading date.""}",NASDAQ:ALAB,IDEA-0003,2026-10-04T15:15:48.702749+09:00,,,price,per share,USD,not-applicable,https://query1.finance.yahoo.com/v8/finance/chart/ALAB?range=5d&interval=1d,a02096ef73e2f7e58b4d37ab6e1b0098ee427a7be9bfad8d8951dc1e68b818ec,live,
MET-0466,2026-10-04,MRVL,,Regular session price,유지,272.29,272.29,0%,Yahoo Finance chart,"{""market_time_utc"": ""2026-10-02T20:00:01+00:00"", ""session"": ""regular"", ""limitation"": ""Latest regular-session quote, not necessarily a closing auction price. Retrieval date is not trading date.""}",NASDAQ:MRVL,IDEA-0004,2026-10-04T15:15:48.848193+09:00,,,price,per share,USD,not-applicable,https://query1.finance.yahoo.com/v8/finance/chart/MRVL?range=5d&interval=1d,be542e54ecea5d14dc7fec475bdae57af016f2937e43a97cef48346033b3ad9b,live,
MET-0467,2026-10-05,CRDO,,EPS consensus,유지,6.30634,6.30634,0%,Yahoo Finance non-GAAP,"Analysts: 20. Period end is the provider label, not independently inferred issuer year end. Observation is retrieval date; no historical revision inferred.",NASDAQ:CRDO,IDEA-0002,2026-10-05,2027-04-30,annual,consensus,per share,USD,non-GAAP,https://finance.yahoo.com/quote/CRDO/analysis/,cf4a066826295a008e56e183a290720241601e55ae52613c02c0a2930d428993,live,
MET-0468,2026-10-05,CRDO,,EPS consensus,유지,9.69063,9.69063,0%,Yahoo Finance non-GAAP,"Analysts: 20. Period end is the provider label, not independently inferred issuer year end. Observation is retrieval date; no historical revision inferred.",NASDAQ:CRDO,IDEA-0002,2026-10-05,2028-04-30,annual,consensus,per share,USD,non-GAAP,https://finance.yahoo.com/quote/CRDO/analysis/,c027bf732de5dbf080e4c7f21b0684951081a224a45277ff96f1ad8d91140689,live,
MET-0469,2026-10-05,ALAB,,EPS consensus,유지,4.0322,4.0322,0%,Yahoo Finance non-GAAP,"Analysts: 21. Period end is the provider label, not independently inferred issuer year end. Observation is retrieval date; no historical revision inferred.",NASDAQ:ALAB,IDEA-0003,2026-10-05,2026-12-31,annual,consensus,per share,USD,non-GAAP,https://finance.yahoo.com/quote/ALAB/analysis/,007996cd00cb28e91c49874c9a7597b453ec3a48f5497e03e8004fa107e77605,live,
MET-0470,2026-10-05,ALAB,,EPS consensus,유지,6.39348,6.39348,0%,Yahoo Finance non-GAAP,"Analysts: 23. Period end is the provider label, not independently inferred issuer year end. Observation is retrieval date; no historical revision inferred.",NASDAQ:ALAB,IDEA-0003,2026-10-05,2027-12-31,annual,consensus,per share,USD,non-GAAP,https://finance.yahoo.com/quote/ALAB/analysis/,f1e1299f6e03040c1e87eb97da3f346d96382c03719d6bb0cc6aa6e944bcd8b7,live,
MET-0471,2026-10-05,MRVL,,EPS consensus,유지,4.2113,4.2113,0%,Yahoo Finance non-GAAP,"Analysts: 40. Period end is the provider label, not independently inferred issuer year end. Observation is retrieval date; no historical revision inferred.",NASDAQ:MRVL,IDEA-0004,2026-10-05,2027-01-31,annual,consensus,per share,USD,non-GAAP,https://finance.yahoo.com/quote/MRVL/analysis/,64650c60ea93610d7014ca899cfdd39f23b456ad1a983b6f10816ff93028d509,live,
MET-0472,2026-10-05,MRVL,,EPS consensus,유지,6.74936,6.74936,0%,Yahoo Finance non-GAAP,"Analysts: 42. Period end is the provider label, not independently inferred issuer year end. Observation is retrieval date; no historical revision inferred.",NASDAQ:MRVL,IDEA-0004,2026-10-05,2028-01-31,annual,consensus,per share,USD,non-GAAP,https://finance.yahoo.com/quote/MRVL/analysis/,2afebe9534af3e55644d1c04515ececa2ae181eb78fc85ae26acb76263c03e48,live,
MET-0473,2026-10-05,CRDO,,Quarterly EPS consensus,유지,1.28294,1.28294,0%,Yahoo Finance non-GAAP,Analysts: 18. Provider period label; actual retrieval timestamp. Revenue is not labeled non-GAAP. Historical revision fields are not imported.,NASDAQ:CRDO,IDEA-0002,2026-10-05T14:51:31+09:00,2026-10-31,quarterly,consensus,per share,USD,non-GAAP,https://finance.yahoo.com/quote/CRDO/analysis/,35ab6a7f025077da9ecd869ad3b0faed8bb83d3458984012da5498c92bee14cf,live,
MET-0474,2026-10-05,CRDO,,Quarterly revenue consensus,유지,531.65246,531.65246,0%,Yahoo Finance non-GAAP,Analysts: 17. Provider period label; actual retrieval timestamp. Revenue is not labeled non-GAAP. Historical revision fields are not imported.,NASDAQ:CRDO,IDEA-0002,2026-10-05T14:51:31+09:00,2026-10-31,quarterly,consensus,million,USD,not-applicable,https://finance.yahoo.com/quote/CRDO/analysis/,05c3b124715aa2fb9c765916cd78261820098376c6e92cf465013c7711a04370,live,
MET-0475,2026-10-05,CRDO,,Quarterly EPS consensus,유지,1.60492,1.60492,0%,Yahoo Finance non-GAAP,Analysts: 17. Provider period label; actual retrieval timestamp. Revenue is not labeled non-GAAP. Historical revision fields are not imported.,NASDAQ:CRDO,IDEA-0002,2026-10-05T14:51:31+09:00,2027-01-31,quarterly,consensus,per share,USD,non-GAAP,https://finance.yahoo.com/quote/CRDO/analysis/,e284d52522dad08c4222da38bbe45cf35a53826a772c0ead2b0d4f9ab6d2804e,live,
MET-0476,2026-10-05,CRDO,,Quarterly revenue consensus,유지,642.4577,642.4577,0%,Yahoo Finance non-GAAP,Analysts: 16. Provider period label; actual retrieval timestamp. Revenue is not labeled non-GAAP. Historical revision fields are not imported.,NASDAQ:CRDO,IDEA-0002,2026-10-05T14:51:31+09:00,2027-01-31,quarterly,consensus,million,USD,not-applicable,https://finance.yahoo.com/quote/CRDO/analysis/,a159edefd8bdea5bf06b7686484d0302488521ab7b09a4e74e314e5b4cb3ef62,live,
MET-0477,2026-10-05,ALAB,,Quarterly EPS consensus,유지,1.19161,1.19161,0%,Yahoo Finance non-GAAP,Analysts: 20. Provider period label; actual retrieval timestamp. Revenue is not labeled non-GAAP. Historical revision fields are not imported.,NASDAQ:ALAB,IDEA-0003,2026-10-05T14:51:32+09:00,2026-09-30,quarterly,consensus,per share,USD,non-GAAP,https://finance.yahoo.com/quote/ALAB/analysis/,11a36908d804df1e15adb94c06141c2520f5700b2ed72bea504017f89c633a29,live,
MET-0478,2026-10-05,ALAB,,Quarterly revenue consensus,유지,550.63635,550.63635,0%,Yahoo Finance non-GAAP,Analysts: 18. Provider period label; actual retrieval timestamp. Revenue is not labeled non-GAAP. Historical revision fields are not imported.,NASDAQ:ALAB,IDEA-0003,2026-10-05T14:51:32+09:00,2026-09-30,quarterly,consensus,million,USD,not-applicable,https://finance.yahoo.com/quote/ALAB/analysis/,eea70fb3f1ecc09ba562fc1224505d23f423e3049138ae28567cc1b1c8152999,live,
MET-0479,2026-10-05,ALAB,,Quarterly EPS consensus,유지,1.41847,1.41847,0%,Yahoo Finance non-GAAP,Analysts: 20. Provider period label; actual retrieval timestamp. Revenue is not labeled non-GAAP. Historical revision fields are not imported.,NASDAQ:ALAB,IDEA-0003,2026-10-05T14:51:32+09:00,2026-12-31,quarterly,consensus,per share,USD,non-GAAP,https://finance.yahoo.com/quote/ALAB/analysis/,3a8b4a7d09d5a12f8becf1c4b61f6552abaacf30777a003dd94ca45a6836423d,live,
MET-0480,2026-10-05,ALAB,,Quarterly revenue consensus,유지,655.30752,655.30752,0%,Yahoo Finance non-GAAP,Analysts: 18. Provider period label; actual retrieval timestamp. Revenue is not labeled non-GAAP. Historical revision fields are not imported.,NASDAQ:ALAB,IDEA-0003,2026-10-05T14:51:32+09:00,2026-12-31,quarterly,consensus,million,USD,not-applicable,https://finance.yahoo.com/quote/ALAB/analysis/,ea306911ae9f3186c21656330b036858fdf9bea9ca1d6334791f84ae961ead07,live,
MET-0481,2026-10-05,MRVL,,Quarterly EPS consensus,유지,1.09978,1.09978,0%,Yahoo Finance non-GAAP,Analysts: 34. Provider period label; actual retrieval timestamp. Revenue is not labeled non-GAAP. Historical revision fields are not imported.,NASDAQ:MRVL,IDEA-0004,2026-10-05T14:51:33+09:00,2026-10-31,quarterly,consensus,per share,USD,non-GAAP,https://finance.yahoo.com/quote/MRVL/analysis/,5a6fa841f97c088ceb41987620dd9fa08fe6cf8b73f29cdad5822be4f7b9597d,live,
MET-0482,2026-10-05,MRVL,,Quarterly revenue consensus,유지,3149.22325,3149.22325,0%,Yahoo Finance non-GAAP,Analysts: 33. Provider period label; actual retrieval timestamp. Revenue is not labeled non-GAAP. Historical revision fields are not imported.,NASDAQ:MRVL,IDEA-0004,2026-10-05T14:51:33+09:00,2026-10-31,quarterly,consensus,million,USD,not-applicable,https://finance.yahoo.com/quote/MRVL/analysis/,def607c4a4fa753f34a9aa38a69bcdf04822f50d8e88c478bc1a7aed74acccbf,live,
MET-0483,2026-10-05,MRVL,,Quarterly EPS consensus,유지,1.35573,1.35573,0%,Yahoo Finance non-GAAP,Analysts: 33. Provider period label; actual retrieval timestamp. Revenue is not labeled non-GAAP. Historical revision fields are not imported.,NASDAQ:MRVL,IDEA-0004,2026-10-05T14:51:33+09:00,2027-01-31,quarterly,consensus,per share,USD,non-GAAP,https://finance.yahoo.com/quote/MRVL/analysis/,8006d1289070d6d36d3ae85f2819c4551a06233efa13af8f0cce9799ce63abe5,live,
MET-0484,2026-10-05,MRVL,,Quarterly revenue consensus,유지,3720.50093,3720.50093,0%,Yahoo Finance non-GAAP,Analysts: 32. Provider period label; actual retrieval timestamp. Revenue is not labeled non-GAAP. Historical revision fields are not imported.,NASDAQ:MRVL,IDEA-0004,2026-10-05T14:51:33+09:00,2027-01-31,quarterly,consensus,million,USD,not-applicable,https://finance.yahoo.com/quote/MRVL/analysis/,9aa7fe9fc002ff6514d8a1963e7bcccd1a317c35c64ede49bbdf47390ce9c439,live,
MET-0485,2026-10-05,CRDO,,Regular session price,유지,218.64,218.64,0%,Yahoo Finance chart,"{""market_time_utc"": ""2026-10-02T20:00:01+00:00"", ""session"": ""regular"", ""limitation"": ""Latest regular-session quote, not necessarily a closing auction price. Retrieval date is not trading date.""}",NASDAQ:CRDO,IDEA-0002,2026-10-05T15:05:58.424657+09:00,,,price,per share,USD,not-applicable,https://query1.finance.yahoo.com/v8/finance/chart/CRDO?range=5d&interval=1d,b548406579763d0bbf2c23e10e8128506ade757f61977e20d63929051591bd11,live,
MET-0486,2026-10-05,ALAB,,Regular session price,유지,350.33,350.33,0%,Yahoo Finance chart,"{""market_time_utc"": ""2026-10-02T20:00:01+00:00"", ""session"": ""regular"", ""limitation"": ""Latest regular-session quote, not necessarily a closing auction price. Retrieval date is not trading date.""}",NASDAQ:ALAB,IDEA-0003,2026-10-05T15:05:58.515412+09:00,,,price,per share,USD,not-applicable,https://query1.finance.yahoo.com/v8/finance/chart/ALAB?range=5d&interval=1d,57320cd2c038501f548722cd55ee5e0ff556700d9243d12ab6f15e52f0facfaa,live,
MET-0487,2026-10-05,MRVL,,Regular session price,유지,272.29,272.29,0%,Yahoo Finance chart,"{""market_time_utc"": ""2026-10-02T20:00:01+00:00"", ""session"": ""regular"", ""limitation"": ""Latest regular-session quote, not necessarily a closing auction price. Retrieval date is not trading date.""}",NASDAQ:MRVL,IDEA-0004,2026-10-05T15:05:58.632204+09:00,,,price,per share,USD,not-applicable,https://query1.finance.yahoo.com/v8/finance/chart/MRVL?range=5d&interval=1d,885565400c59c8b24a3d71038334a593ac0e1193c89ed8fe90ed8ed63bb537f7,live,
MET-0488,2026-10-06,CRDO,,EPS consensus,유지,6.30634,6.30634,0%,Yahoo Finance non-GAAP,"Analysts: 20. Period end is the provider label, not independently inferred issuer year end. Observation is retrieval date; no historical revision inferred.",NASDAQ:CRDO,IDEA-0002,2026-10-06,2027-04-30,annual,consensus,per share,USD,non-GAAP,https://finance.yahoo.com/quote/CRDO/analysis/,b1e2993a56c9592cbfadf2822ec422339f7dd35dddfb8fea3a08009f06eb9d8b,live,
MET-0489,2026-10-06,CRDO,,EPS consensus,유지,9.69063,9.69063,0%,Yahoo Finance non-GAAP,"Analysts: 20. Period end is the provider label, not independently inferred issuer year end. Observation is retrieval date; no historical revision inferred.",NASDAQ:CRDO,IDEA-0002,2026-10-06,2028-04-30,annual,consensus,per share,USD,non-GAAP,https://finance.yahoo.com/quote/CRDO/analysis/,8c8de50d57cc304aed8c377fae941830a36cfc4b6cf6a037460cb76e62120f13,live,
MET-0490,2026-10-06,ALAB,,EPS consensus,유지,4.0322,4.0322,0%,Yahoo Finance non-GAAP,"Analysts: 21. Period end is the provider label, not independently inferred issuer year end. Observation is retrieval date; no historical revision inferred.",NASDAQ:ALAB,IDEA-0003,2026-10-06,2026-12-31,annual,consensus,per share,USD,non-GAAP,https://finance.yahoo.com/quote/ALAB/analysis/,f27d509dd4a31a57f3e0a0c8a53b196f98ee4a4dc9073b9615b182d727c87860,live,
MET-0491,2026-10-06,ALAB,,EPS consensus,유지,6.39348,6.39348,0%,Yahoo Finance non-GAAP,"Analysts: 23. Period end is the provider label, not independently inferred issuer year end. Observation is retrieval date; no historical revision inferred.",NASDAQ:ALAB,IDEA-0003,2026-10-06,2027-12-31,annual,consensus,per share,USD,non-GAAP,https://finance.yahoo.com/quote/ALAB/analysis/,b349755dffccefd28ab919978d638b082af75a417341d48ac2e4594ada988891,live,
MET-0492,2026-10-06,MRVL,,EPS consensus,유지,4.2113,4.2113,0%,Yahoo Finance non-GAAP,"Analysts: 40. Period end is the provider label, not independently inferred issuer year end. Observation is retrieval date; no historical revision inferred.",NASDAQ:MRVL,IDEA-0004,2026-10-06,2027-01-31,annual,consensus,per share,USD,non-GAAP,https://finance.yahoo.com/quote/MRVL/analysis/,b8ce0eef75892288a7368370088f522d3ea21f3f2a48ab838bcaf0e07d2098b0,live,
MET-0493,2026-10-06,MRVL,,EPS consensus,유지,6.74936,6.74936,0%,Yahoo Finance non-GAAP,"Analysts: 42. Period end is the provider label, not independently inferred issuer year end. Observation is retrieval date; no historical revision inferred.",NASDAQ:MRVL,IDEA-0004,2026-10-06,2028-01-31,annual,consensus,per share,USD,non-GAAP,https://finance.yahoo.com/quote/MRVL/analysis/,f2628634adf80fb1c8b81a0ab08d85199a89419d2acaffe69c33163d2f77bb4a,live,
MET-0494,2026-10-06,CRDO,,Quarterly EPS consensus,유지,1.28294,1.28294,0%,Yahoo Finance non-GAAP,Analysts: 18. Provider period label; actual retrieval timestamp. Revenue is not labeled non-GAAP. Historical revision fields are not imported.,NASDAQ:CRDO,IDEA-0002,2026-10-06T15:31:57+09:00,2026-10-31,quarterly,consensus,per share,USD,non-GAAP,https://finance.yahoo.com/quote/CRDO/analysis/,68a7401e150c6fc1a31947e63bdbf0a5ae5da5e857e235f72538ab803dbb72bc,live,
MET-0495,2026-10-06,CRDO,,Quarterly revenue consensus,유지,531.65246,531.65246,0%,Yahoo Finance non-GAAP,Analysts: 17. Provider period label; actual retrieval timestamp. Revenue is not labeled non-GAAP. Historical revision fields are not imported.,NASDAQ:CRDO,IDEA-0002,2026-10-06T15:31:57+09:00,2026-10-31,quarterly,consensus,million,USD,not-applicable,https://finance.yahoo.com/quote/CRDO/analysis/,747b5bd5006d17f7980ed79cc35d070384d96397784ae6184a7962a2779b4318,live,
MET-0496,2026-10-06,CRDO,,Quarterly EPS consensus,유지,1.60492,1.60492,0%,Yahoo Finance non-GAAP,Analysts: 17. Provider period label; actual retrieval timestamp. Revenue is not labeled non-GAAP. Historical revision fields are not imported.,NASDAQ:CRDO,IDEA-0002,2026-10-06T15:31:57+09:00,2027-01-31,quarterly,consensus,per share,USD,non-GAAP,https://finance.yahoo.com/quote/CRDO/analysis/,2cff1871405766e68e29b87c6c67a25881fc4d6ef0647ec7db147d023009c38d,live,
MET-0497,2026-10-06,CRDO,,Quarterly revenue consensus,유지,642.4577,642.4577,0%,Yahoo Finance non-GAAP,Analysts: 16. Provider period label; actual retrieval timestamp. Revenue is not labeled non-GAAP. Historical revision fields are not imported.,NASDAQ:CRDO,IDEA-0002,2026-10-06T15:31:57+09:00,2027-01-31,quarterly,consensus,million,USD,not-applicable,https://finance.yahoo.com/quote/CRDO/analysis/,76bb19eaabc960ba7d0805e0b20226ee6fc58f5a087c6d3bcfad36cb1d052ca4,live,
MET-0498,2026-10-06,ALAB,,Quarterly EPS consensus,유지,1.19161,1.19161,0%,Yahoo Finance non-GAAP,Analysts: 20. Provider period label; actual retrieval timestamp. Revenue is not labeled non-GAAP. Historical revision fields are not imported.,NASDAQ:ALAB,IDEA-0003,2026-10-06T15:31:58+09:00,2026-09-30,quarterly,consensus,per share,USD,non-GAAP,https://finance.yahoo.com/quote/ALAB/analysis/,248e7cfd7916649bdfac231042d0faccea82dc77a7af4e4d53381802c9fec5bb,live,
MET-0499,2026-10-06,ALAB,,Quarterly revenue consensus,유지,550.63635,550.63635,0%,Yahoo Finance non-GAAP,Analysts: 18. Provider period label; actual retrieval timestamp. Revenue is not labeled non-GAAP. Historical revision fields are not imported.,NASDAQ:ALAB,IDEA-0003,2026-10-06T15:31:58+09:00,2026-09-30,quarterly,consensus,million,USD,not-applicable,https://finance.yahoo.com/quote/ALAB/analysis/,d7ccc92a9d7ba0ab393f261cd27e58c69c5435d9dfe4ee28e204f3b59ad086b0,live,
MET-0500,2026-10-06,ALAB,,Quarterly EPS consensus,유지,1.41847,1.41847,0%,Yahoo Finance non-GAAP,Analysts: 20. Provider period label; actual retrieval timestamp. Revenue is not labeled non-GAAP. Historical revision fields are not imported.,NASDAQ:ALAB,IDEA-0003,2026-10-06T15:31:58+09:00,2026-12-31,quarterly,consensus,per share,USD,non-GAAP,https://finance.yahoo.com/quote/ALAB/analysis/,340e5e8db7d7fd3a1ab2c80be8c77f02fababf9064fb7c5a184fa0b1fc53da37,live,
MET-0501,2026-10-06,ALAB,,Quarterly revenue consensus,유지,655.30752,655.30752,0%,Yahoo Finance non-GAAP,Analysts: 18. Provider period label; actual retrieval timestamp. Revenue is not labeled non-GAAP. Historical revision fields are not imported.,NASDAQ:ALAB,IDEA-0003,2026-10-06T15:31:58+09:00,2026-12-31,quarterly,consensus,million,USD,not-applicable,https://finance.yahoo.com/quote/ALAB/analysis/,e744e7f563a2484229f6297ea0cbb9004212716e6c2a30e25d910934366e2e82,live,
MET-0502,2026-10-06,MRVL,,Quarterly EPS consensus,유지,1.09978,1.09978,0%,Yahoo Finance non-GAAP,Analysts: 34. Provider period label; actual retrieval timestamp. Revenue is not labeled non-GAAP. Historical revision fields are not imported.,NASDAQ:MRVL,IDEA-0004,2026-10-06T15:31:59+09:00,2026-10-31,quarterly,consensus,per share,USD,non-GAAP,https://finance.yahoo.com/quote/MRVL/analysis/,f71b69d98c373ac67a727dc80898e636049ef1c38278f4612474b91201274812,live,
MET-0503,2026-10-06,MRVL,,Quarterly revenue consensus,유지,3149.22325,3149.22325,0%,Yahoo Finance non-GAAP,Analysts: 33. Provider period label; actual retrieval timestamp. Revenue is not labeled non-GAAP. Historical revision fields are not imported.,NASDAQ:MRVL,IDEA-0004,2026-10-06T15:31:59+09:00,2026-10-31,quarterly,consensus,million,USD,not-applicable,https://finance.yahoo.com/quote/MRVL/analysis/,abb084beb2217ebc87d71cb79cc1f83572bd83ab388be753642b918939c971bf,live,
MET-0504,2026-10-06,MRVL,,Quarterly EPS consensus,유지,1.35573,1.35573,0%,Yahoo Finance non-GAAP,Analysts: 33. Provider period label; actual retrieval timestamp. Revenue is not labeled non-GAAP. Historical revision fields are not imported.,NASDAQ:MRVL,IDEA-0004,2026-10-06T15:31:59+09:00,2027-01-31,quarterly,consensus,per share,USD,non-GAAP,https://finance.yahoo.com/quote/MRVL/analysis/,40093f705aae430089ff3db01845f858d412dff2f457d60a5b82ef127dd9ae1c,live,
MET-0505,2026-10-06,MRVL,,Quarterly revenue consensus,유지,3720.50093,3720.50093,0%,Yahoo Finance non-GAAP,Analysts: 32. Provider period label; actual retrieval timestamp. Revenue is not labeled non-GAAP. Historical revision fields are not imported.,NASDAQ:MRVL,IDEA-0004,2026-10-06T15:31:59+09:00,2027-01-31,quarterly,consensus,million,USD,not-applicable,https://finance.yahoo.com/quote/MRVL/analysis/,a1cd67e37c443e221fddcc5186b3887b70baed4b1f2fcfb15f49844cb48c9ffe,live,
MET-0506,2026-10-06,CRDO,,Regular session price,하향,218.64,212.48,-2.817%,Yahoo Finance chart,"{""market_time_utc"": ""2026-10-05T20:00:01+00:00"", ""session"": ""regular"", ""limitation"": ""Latest regular-session quote, not necessarily a closing auction price. Retrieval date is not trading date.""}",NASDAQ:CRDO,IDEA-0002,2026-10-06T15:46:36.476328+09:00,,,price,per share,USD,not-applicable,https://query1.finance.yahoo.com/v8/finance/chart/CRDO?range=5d&interval=1d,f7cdd4f147cdd684212780b324da838c382e95eccc1f2c478bfe16bff75a6946,live,
MET-0507,2026-10-06,ALAB,,Regular session price,상향,350.33,362.34,3.428%,Yahoo Finance chart,"{""market_time_utc"": ""2026-10-05T20:00:01+00:00"", ""session"": ""regular"", ""limitation"": ""Latest regular-session quote, not necessarily a closing auction price. Retrieval date is not trading date.""}",NASDAQ:ALAB,IDEA-0003,2026-10-06T15:46:36.557463+09:00,,,price,per share,USD,not-applicable,https://query1.finance.yahoo.com/v8/finance/chart/ALAB?range=5d&interval=1d,04eee5df633d52b3dcfd2a210ea10b669cbb5932cbe41af79516dd419cbf6189,live,
MET-0508,2026-10-06,MRVL,,Regular session price,하향,272.29,271.25,-0.3819%,Yahoo Finance chart,"{""market_time_utc"": ""2026-10-05T20:00:01+00:00"", ""session"": ""regular"", ""limitation"": ""Latest regular-session quote, not necessarily a closing auction price. Retrieval date is not trading date.""}",NASDAQ:MRVL,IDEA-0004,2026-10-06T15:46:36.650724+09:00,,,price,per share,USD,not-applicable,https://query1.finance.yahoo.com/v8/finance/chart/MRVL?range=5d&interval=1d,917cc35b5709cee5caa55342b15518f48cf9d3f76976113b96d33b30f7d0f2a2,live,
MET-0509,2026-10-07,CRDO,,EPS consensus,유지,6.30634,6.30634,0%,Yahoo Finance non-GAAP,"Analysts: 20. Period end is the provider label, not independently inferred issuer year end. Observation is retrieval date; no historical revision inferred.",NASDAQ:CRDO,IDEA-0002,2026-10-07,2027-04-30,annual,consensus,per share,USD,non-GAAP,https://finance.yahoo.com/quote/CRDO/analysis/,4707ebb7128dd79707d79f89c24981e4cda975ea600d209fa07a015720699028,live,
MET-0510,2026-10-07,CRDO,,EPS consensus,유지,9.69063,9.69063,0%,Yahoo Finance non-GAAP,"Analysts: 20. Period end is the provider label, not independently inferred issuer year end. Observation is retrieval date; no historical revision inferred.",NASDAQ:CRDO,IDEA-0002,2026-10-07,2028-04-30,annual,consensus,per share,USD,non-GAAP,https://finance.yahoo.com/quote/CRDO/analysis/,41499ca36619edfc40d19eb1bbe79bef2eb9e81a0ef530ef69bb6cfb25b54d19,live,
MET-0511,2026-10-07,ALAB,,EPS consensus,유지,4.0322,4.0322,0%,Yahoo Finance non-GAAP,"Analysts: 21. Period end is the provider label, not independently inferred issuer year end. Observation is retrieval date; no historical revision inferred.",NASDAQ:ALAB,IDEA-0003,2026-10-07,2026-12-31,annual,consensus,per share,USD,non-GAAP,https://finance.yahoo.com/quote/ALAB/analysis/,51fd6b1020f65cdb3ab38de07eaa869508efa417e70bb0ef7080bd016792571b,live,
MET-0512,2026-10-07,ALAB,,EPS consensus,유지,6.39348,6.39348,0%,Yahoo Finance non-GAAP,"Analysts: 23. Period end is the provider label, not independently inferred issuer year end. Observation is retrieval date; no historical revision inferred.",NASDAQ:ALAB,IDEA-0003,2026-10-07,2027-12-31,annual,consensus,per share,USD,non-GAAP,https://finance.yahoo.com/quote/ALAB/analysis/,73025d73649fc142cc05f3675963b56ebb5431bfdf01bb89a0b5ef0483993943,live,
MET-0513,2026-10-07,MRVL,,EPS consensus,유지,4.2113,4.2113,0%,Yahoo Finance non-GAAP,"Analysts: 40. Period end is the provider label, not independently inferred issuer year end. Observation is retrieval date; no historical revision inferred.",NASDAQ:MRVL,IDEA-0004,2026-10-07,2027-01-31,annual,consensus,per share,USD,non-GAAP,https://finance.yahoo.com/quote/MRVL/analysis/,9f068078e3dd679ae70cbedad9cf0bc0b6e01e3db15dc957cad026d687e17796,live,
MET-0514,2026-10-07,MRVL,,EPS consensus,유지,6.74936,6.74936,0%,Yahoo Finance non-GAAP,"Analysts: 42. Period end is the provider label, not independently inferred issuer year end. Observation is retrieval date; no historical revision inferred.",NASDAQ:MRVL,IDEA-0004,2026-10-07,2028-01-31,annual,consensus,per share,USD,non-GAAP,https://finance.yahoo.com/quote/MRVL/analysis/,26aee5b85651a84192517aefe056bac2311fd5ded3b14cf2a38dd92284555b04,live,
MET-0515,2026-10-07,CRDO,,Quarterly EPS consensus,유지,1.28294,1.28294,0%,Yahoo Finance non-GAAP,Analysts: 18. Provider period label; actual retrieval timestamp. Revenue is not labeled non-GAAP. Historical revision fields are not imported.,NASDAQ:CRDO,IDEA-0002,2026-10-07T15:09:56+09:00,2026-10-31,quarterly,consensus,per share,USD,non-GAAP,https://finance.yahoo.com/quote/CRDO/analysis/,ad4b3c18b1ac9ecad28156926bff3ea05952834cd0474210ceb75d25b37593ec,live,
MET-0516,2026-10-07,CRDO,,Quarterly revenue consensus,유지,531.65246,531.65246,0%,Yahoo Finance non-GAAP,Analysts: 17. Provider period label; actual retrieval timestamp. Revenue is not labeled non-GAAP. Historical revision fields are not imported.,NASDAQ:CRDO,IDEA-0002,2026-10-07T15:09:56+09:00,2026-10-31,quarterly,consensus,million,USD,not-applicable,https://finance.yahoo.com/quote/CRDO/analysis/,49c4dd801fcf66ce0df748fb1eaa7810410e13591d2c68d8756709d1e2a24833,live,
MET-0517,2026-10-07,CRDO,,Quarterly EPS consensus,유지,1.60492,1.60492,0%,Yahoo Finance non-GAAP,Analysts: 17. Provider period label; actual retrieval timestamp. Revenue is not labeled non-GAAP. Historical revision fields are not imported.,NASDAQ:CRDO,IDEA-0002,2026-10-07T15:09:56+09:00,2027-01-31,quarterly,consensus,per share,USD,non-GAAP,https://finance.yahoo.com/quote/CRDO/analysis/,fea797ddb84aeef20ca35f09d2f4ea847d2738eef1274af93f3888086b68b9fb,live,
MET-0518,2026-10-07,CRDO,,Quarterly revenue consensus,유지,642.4577,642.4577,0%,Yahoo Finance non-GAAP,Analysts: 16. Provider period label; actual retrieval timestamp. Revenue is not labeled non-GAAP. Historical revision fields are not imported.,NASDAQ:CRDO,IDEA-0002,2026-10-07T15:09:56+09:00,2027-01-31,quarterly,consensus,million,USD,not-applicable,https://finance.yahoo.com/quote/CRDO/analysis/,902e50086c200af2bef79f73c2801e0f2b75c5deba8a4dd454690f711a37049d,live,
MET-0519,2026-10-07,ALAB,,Quarterly EPS consensus,유지,1.19161,1.19161,0%,Yahoo Finance non-GAAP,Analysts: 20. Provider period label; actual retrieval timestamp. Revenue is not labeled non-GAAP. Historical revision fields are not imported.,NASDAQ:ALAB,IDEA-0003,2026-10-07T15:09:56+09:00,2026-09-30,quarterly,consensus,per share,USD,non-GAAP,https://finance.yahoo.com/quote/ALAB/analysis/,d862c4b144f50e4a89bbf00a07c9369ca41d5aab0cc2d27e0ea0620bcbf8d34f,live,
MET-0520,2026-10-07,ALAB,,Quarterly revenue consensus,유지,550.63635,550.63635,0%,Yahoo Finance non-GAAP,Analysts: 18. Provider period label; actual retrieval timestamp. Revenue is not labeled non-GAAP. Historical revision fields are not imported.,NASDAQ:ALAB,IDEA-0003,2026-10-07T15:09:56+09:00,2026-09-30,quarterly,consensus,million,USD,not-applicable,https://finance.yahoo.com/quote/ALAB/analysis/,ec3b08cbd9f2e2648878afda1d6170b1a5b5f45773e59bb6d0249be31cee34bd,live,
MET-0521,2026-10-07,ALAB,,Quarterly EPS consensus,유지,1.41847,1.41847,0%,Yahoo Finance non-GAAP,Analysts: 20. Provider period label; actual retrieval timestamp. Revenue is not labeled non-GAAP. Historical revision fields are not imported.,NASDAQ:ALAB,IDEA-0003,2026-10-07T15:09:56+09:00,2026-12-31,quarterly,consensus,per share,USD,non-GAAP,https://finance.yahoo.com/quote/ALAB/analysis/,dca88acc6bedf93b733731d7b4beb554b607253480e343036eb5fa31bb55a687,live,
MET-0522,2026-10-07,ALAB,,Quarterly revenue consensus,유지,655.30752,655.30752,0%,Yahoo Finance non-GAAP,Analysts: 18. Provider period label; actual retrieval timestamp. Revenue is not labeled non-GAAP. Historical revision fields are not imported.,NASDAQ:ALAB,IDEA-0003,2026-10-07T15:09:56+09:00,2026-12-31,quarterly,consensus,million,USD,not-applicable,https://finance.yahoo.com/quote/ALAB/analysis/,08b29353fe04cc5339704d9772b3c1337fb7eca526d60317559002b2b522a115,live,
MET-0523,2026-10-07,MRVL,,Quarterly EPS consensus,유지,1.09978,1.09978,0%,Yahoo Finance non-GAAP,Analysts: 34. Provider period label; actual retrieval timestamp. Revenue is not labeled non-GAAP. Historical revision fields are not imported.,NASDAQ:MRVL,IDEA-0004,2026-10-07T15:09:57+09:00,2026-10-31,quarterly,consensus,per share,USD,non-GAAP,https://finance.yahoo.com/quote/MRVL/analysis/,75c02b201340d73b5d9c8820be241d450af6bc2ba40b479ebd677ec2f0c4676e,live,
MET-0524,2026-10-07,MRVL,,Quarterly revenue consensus,유지,3149.22325,3149.22325,0%,Yahoo Finance non-GAAP,Analysts: 33. Provider period label; actual retrieval timestamp. Revenue is not labeled non-GAAP. Historical revision fields are not imported.,NASDAQ:MRVL,IDEA-0004,2026-10-07T15:09:57+09:00,2026-10-31,quarterly,consensus,million,USD,not-applicable,https://finance.yahoo.com/quote/MRVL/analysis/,40e0481807365848e8cb003fd0ce8e68de4034926bdb8ea0f2d91af9bda17b67,live,
MET-0525,2026-10-07,MRVL,,Quarterly EPS consensus,유지,1.35573,1.35573,0%,Yahoo Finance non-GAAP,Analysts: 33. Provider period label; actual retrieval timestamp. Revenue is not labeled non-GAAP. Historical revision fields are not imported.,NASDAQ:MRVL,IDEA-0004,2026-10-07T15:09:57+09:00,2027-01-31,quarterly,consensus,per share,USD,non-GAAP,https://finance.yahoo.com/quote/MRVL/analysis/,173d9af3afa295b66978a63a7b1872dee0fe16edf193c67c7cf656a75c00afec,live,
MET-0526,2026-10-07,MRVL,,Quarterly revenue consensus,유지,3720.50093,3720.50093,0%,Yahoo Finance non-GAAP,Analysts: 32. Provider period label; actual retrieval timestamp. Revenue is not labeled non-GAAP. Historical revision fields are not imported.,NASDAQ:MRVL,IDEA-0004,2026-10-07T15:09:57+09:00,2027-01-31,quarterly,consensus,million,USD,not-applicable,https://finance.yahoo.com/quote/MRVL/analysis/,d525f49b26cb66723f09a8908395deb2fbb314a9b8d5a4dbaf29e1204200f2a9,live,
MET-0527,2026-10-07,CRDO,,Regular session price,상향,212.48,220.83,3.93%,Yahoo Finance chart,"{""market_time_utc"": ""2026-10-06T20:00:01+00:00"", ""session"": ""regular"", ""limitation"": ""Latest regular-session quote, not necessarily a closing auction price. Retrieval date is not trading date.""}",NASDAQ:CRDO,IDEA-0002,2026-10-07T15:24:21.514868+09:00,,,price,per share,USD,not-applicable,https://query1.finance.yahoo.com/v8/finance/chart/CRDO?range=5d&interval=1d,a3ecbd4a033718161601540d2b1508e5e2a76b90f4e45d1c44260285770d97bc,live,
MET-0528,2026-10-07,ALAB,,Regular session price,상향,362.34,389.8,7.579%,Yahoo Finance chart,"{""market_time_utc"": ""2026-10-06T20:00:01+00:00"", ""session"": ""regular"", ""limitation"": ""Latest regular-session quote, not necessarily a closing auction price. Retrieval date is not trading date.""}",NASDAQ:ALAB,IDEA-0003,2026-10-07T15:24:21.690345+09:00,,,price,per share,USD,not-applicable,https://query1.finance.yahoo.com/v8/finance/chart/ALAB?range=5d&interval=1d,02dbc4eee07e7b84c5681c5fb4444e5bcecb8f26be3a0c565d0c6ea62be55847,live,
MET-0529,2026-10-07,MRVL,,Regular session price,상향,271.25,287.01,5.81%,Yahoo Finance chart,"{""market_time_utc"": ""2026-10-06T20:00:01+00:00"", ""session"": ""regular"", ""limitation"": ""Latest regular-session quote, not necessarily a closing auction price. Retrieval date is not trading date.""}",NASDAQ:MRVL,IDEA-0004,2026-10-07T15:24:21.809727+09:00,,,price,per share,USD,not-applicable,https://query1.finance.yahoo.com/v8/finance/chart/MRVL?range=5d&interval=1d,44d07eb72000339eb0558281401f9c394e5d24e60d4260d13f872a57a29420e9,live,
